,date,phase,time
0,2012 Jan 01,First Quarter,06:15
1,2012 Jan 09,Full Moon,07:30
2,2012 Jan 16,Last Quarter,09:08
3,2012 Jan 23,New Moon,07:39
4,2012 Jan 31,First Quarter,04:10
5,2012 Feb 07,Full Moon,21:54
6,2012 Feb 14,Last Quarter,17:04
7,2012 Feb 21,New Moon,22:35
8,2012 Mar 01,First Quarter,01:21
9,2012 Mar 08,Full Moon,09:39
10,2012 Mar 15,Last Quarter,01:25
11,2012 Mar 22,New Moon,14:37
12,2012 Mar 30,First Quarter,19:41
13,2012 Apr 06,Full Moon,19:19
14,2012 Apr 13,Last Quarter,10:50
15,2012 Apr 21,New Moon,07:18
16,2012 Apr 29,First Quarter,09:57
17,2012 May 06,Full Moon,03:35
18,2012 May 12,Last Quarter,21:47
19,2012 May 20,New Moon,23:47
20,2012 May 28,First Quarter,20:16
21,2012 Jun 04,Full Moon,11:12
22,2012 Jun 11,Last Quarter,10:41
23,2012 Jun 19,New Moon,15:02
24,2012 Jun 27,First Quarter,03:30
25,2012 Jul 03,Full Moon,18:52
26,2012 Jul 11,Last Quarter,01:48
27,2012 Jul 19,New Moon,04:24
28,2012 Jul 26,First Quarter,08:56
29,2012 Aug 02,Full Moon,03:27
30,2012 Aug 09,Last Quarter,18:55
31,2012 Aug 17,New Moon,15:54
32,2012 Aug 24,First Quarter,13:54
33,2012 Aug 31,Full Moon,13:58
34,2012 Sep 08,Last Quarter,13:15
35,2012 Sep 16,New Moon,02:11
36,2012 Sep 22,First Quarter,19:41
37,2012 Sep 30,Full Moon,03:19
38,2012 Oct 08,Last Quarter,07:33
39,2012 Oct 15,New Moon,12:02
40,2012 Oct 22,First Quarter,03:32
41,2012 Oct 29,Full Moon,19:49
42,2012 Nov 07,Last Quarter,00:36
43,2012 Nov 13,New Moon,22:08
44,2012 Nov 20,First Quarter,14:31
45,2012 Nov 28,Full Moon,14:46
46,2012 Dec 06,Last Quarter,15:31
47,2012 Dec 13,New Moon,08:42
48,2012 Dec 20,First Quarter,05:19
49,2012 Dec 28,Full Moon,10:21
50,2013 Jan 05,Last Quarter,03:58
51,2013 Jan 11,New Moon,19:44
52,2013 Jan 18,First Quarter,23:45
53,2013 Jan 27,Full Moon,04:38
54,2013 Feb 03,Last Quarter,13:56
55,2013 Feb 10,New Moon,07:20
56,2013 Feb 17,First Quarter,20:31
57,2013 Feb 25,Full Moon,20:26
58,2013 Mar 04,Last Quarter,21:53
59,2013 Mar 11,New Moon,19:51
60,2013 Mar 19,First Quarter,17:27
61,2013 Mar 27,Full Moon,09:27
62,2013 Apr 03,Last Quarter,04:37
63,2013 Apr 10,New Moon,09:35
64,2013 Apr 18,First Quarter,12:31
65,2013 Apr 25,Full Moon,19:57
66,2013 May 02,Last Quarter,11:14
67,2013 May 10,New Moon,00:28
68,2013 May 18,First Quarter,04:34
69,2013 May 25,Full Moon,04:25
70,2013 May 31,Last Quarter,18:58
71,2013 Jun 08,New Moon,15:56
72,2013 Jun 16,First Quarter,17:24
73,2013 Jun 23,Full Moon,11:32
74,2013 Jun 30,Last Quarter,04:53
75,2013 Jul 08,New Moon,07:14
76,2013 Jul 16,First Quarter,03:18
77,2013 Jul 22,Full Moon,18:15
78,2013 Jul 29,Last Quarter,17:43
79,2013 Aug 06,New Moon,21:51
80,2013 Aug 14,First Quarter,10:56
81,2013 Aug 21,Full Moon,01:45
82,2013 Aug 28,Last Quarter,09:35
83,2013 Sep 05,New Moon,11:36
84,2013 Sep 12,First Quarter,17:08
85,2013 Sep 19,Full Moon,11:13
86,2013 Sep 27,Last Quarter,03:55
87,2013 Oct 05,New Moon,00:34
88,2013 Oct 11,First Quarter,23:02
89,2013 Oct 18,Full Moon,23:38
90,2013 Oct 26,Last Quarter,23:40
91,2013 Nov 03,New Moon,12:50
92,2013 Nov 10,First Quarter,05:57
93,2013 Nov 17,Full Moon,15:16
94,2013 Nov 25,Last Quarter,19:28
95,2013 Dec 03,New Moon,00:22
96,2013 Dec 09,First Quarter,15:12
97,2013 Dec 17,Full Moon,09:28
98,2013 Dec 25,Last Quarter,13:48
99,2014 Jan 01,New Moon,11:14
100,2014 Jan 08,First Quarter,03:39
101,2014 Jan 16,Full Moon,04:52
102,2014 Jan 24,Last Quarter,05:19
103,2014 Jan 30,New Moon,21:38
104,2014 Feb 06,First Quarter,19:22
105,2014 Feb 14,Full Moon,23:53
106,2014 Feb 22,Last Quarter,17:15
107,2014 Mar 01,New Moon,08:00
108,2014 Mar 08,First Quarter,13:27
109,2014 Mar 16,Full Moon,17:08
110,2014 Mar 24,Last Quarter,01:46
111,2014 Mar 30,New Moon,18:45
112,2014 Apr 07,First Quarter,08:31
113,2014 Apr 15,Full Moon,07:42
114,2014 Apr 22,Last Quarter,07:52
115,2014 Apr 29,New Moon,06:14
116,2014 May 07,First Quarter,03:15
117,2014 May 14,Full Moon,19:16
118,2014 May 21,Last Quarter,12:59
119,2014 May 28,New Moon,18:40
120,2014 Jun 05,First Quarter,20:39
121,2014 Jun 13,Full Moon,04:11
122,2014 Jun 19,Last Quarter,18:39
123,2014 Jun 27,New Moon,08:08
124,2014 Jul 05,First Quarter,11:59
125,2014 Jul 12,Full Moon,11:25
126,2014 Jul 19,Last Quarter,02:08
127,2014 Jul 26,New Moon,22:42
128,2014 Aug 04,First Quarter,00:50
129,2014 Aug 10,Full Moon,18:09
130,2014 Aug 17,Last Quarter,12:26
131,2014 Aug 25,New Moon,14:13
132,2014 Sep 02,First Quarter,11:11
133,2014 Sep 09,Full Moon,01:38
134,2014 Sep 16,Last Quarter,02:05
135,2014 Sep 24,New Moon,06:14
136,2014 Oct 01,First Quarter,19:33
137,2014 Oct 08,Full Moon,10:51
138,2014 Oct 15,Last Quarter,19:12
139,2014 Oct 23,New Moon,21:57
140,2014 Oct 31,First Quarter,02:48
141,2014 Nov 06,Full Moon,22:23
142,2014 Nov 14,Last Quarter,15:15
143,2014 Nov 22,New Moon,12:32
144,2014 Nov 29,First Quarter,10:06
145,2014 Dec 06,Full Moon,12:27
146,2014 Dec 14,Last Quarter,12:51
147,2014 Dec 22,New Moon,01:36
148,2014 Dec 28,First Quarter,18:31
149,2015 Jan 05,Full Moon,04:53
150,2015 Jan 13,Last Quarter,09:46
151,2015 Jan 20,New Moon,13:14
152,2015 Jan 27,First Quarter,04:48
153,2015 Feb 03,Full Moon,23:09
154,2015 Feb 12,Last Quarter,03:50
155,2015 Feb 18,New Moon,23:47
156,2015 Feb 25,First Quarter,17:14
157,2015 Mar 05,Full Moon,18:05
158,2015 Mar 13,Last Quarter,17:48
159,2015 Mar 20,New Moon,09:36
160,2015 Mar 27,First Quarter,07:43
161,2015 Apr 04,Full Moon,12:05
162,2015 Apr 12,Last Quarter,03:44
163,2015 Apr 18,New Moon,18:57
164,2015 Apr 25,First Quarter,23:55
165,2015 May 04,Full Moon,03:42
166,2015 May 11,Last Quarter,10:36
167,2015 May 18,New Moon,04:13
168,2015 May 25,First Quarter,17:19
169,2015 Jun 02,Full Moon,16:19
170,2015 Jun 09,Last Quarter,15:42
171,2015 Jun 16,New Moon,14:05
172,2015 Jun 24,First Quarter,11:02
173,2015 Jul 02,Full Moon,02:20
174,2015 Jul 08,Last Quarter,20:24
175,2015 Jul 16,New Moon,01:24
176,2015 Jul 24,First Quarter,04:04
177,2015 Jul 31,Full Moon,10:43
178,2015 Aug 07,Last Quarter,02:03
179,2015 Aug 14,New Moon,14:53
180,2015 Aug 22,First Quarter,19:31
181,2015 Aug 29,Full Moon,18:35
182,2015 Sep 05,Last Quarter,09:54
183,2015 Sep 13,New Moon,06:41
184,2015 Sep 21,First Quarter,08:59
185,2015 Sep 28,Full Moon,02:50
186,2015 Oct 04,Last Quarter,21:06
187,2015 Oct 13,New Moon,00:06
188,2015 Oct 20,First Quarter,20:31
189,2015 Oct 27,Full Moon,12:05
190,2015 Nov 03,Last Quarter,12:24
191,2015 Nov 11,New Moon,17:47
192,2015 Nov 19,First Quarter,06:27
193,2015 Nov 25,Full Moon,22:44
194,2015 Dec 03,Last Quarter,07:40
195,2015 Dec 11,New Moon,10:29
196,2015 Dec 18,First Quarter,15:14
197,2015 Dec 25,Full Moon,11:11
198,2016 Jan 02,Last Quarter,05:30
199,2016 Jan 10,New Moon,01:30
200,2016 Jan 16,First Quarter,23:26
201,2016 Jan 24,Full Moon,01:46
202,2016 Feb 01,Last Quarter,03:28
203,2016 Feb 08,New Moon,14:39
204,2016 Feb 15,First Quarter,07:46
205,2016 Feb 22,Full Moon,18:20
206,2016 Mar 01,Last Quarter,23:11
207,2016 Mar 09,New Moon,01:54
208,2016 Mar 15,First Quarter,17:03
209,2016 Mar 23,Full Moon,12:01
210,2016 Mar 31,Last Quarter,15:17
211,2016 Apr 07,New Moon,11:24
212,2016 Apr 14,First Quarter,03:59
213,2016 Apr 22,Full Moon,05:24
214,2016 Apr 30,Last Quarter,03:29
215,2016 May 06,New Moon,19:29
216,2016 May 13,First Quarter,17:02
217,2016 May 21,Full Moon,21:14
218,2016 May 29,Last Quarter,12:12
219,2016 Jun 05,New Moon,03:00
220,2016 Jun 12,First Quarter,08:10
221,2016 Jun 20,Full Moon,11:02
222,2016 Jun 27,Last Quarter,18:19
223,2016 Jul 04,New Moon,11:01
224,2016 Jul 12,First Quarter,00:52
225,2016 Jul 19,Full Moon,22:56
226,2016 Jul 26,Last Quarter,23:00
227,2016 Aug 02,New Moon,20:44
228,2016 Aug 10,First Quarter,18:21
229,2016 Aug 18,Full Moon,09:26
230,2016 Aug 25,Last Quarter,03:41
231,2016 Sep 01,New Moon,09:03
232,2016 Sep 09,First Quarter,11:49
233,2016 Sep 16,Full Moon,19:05
234,2016 Sep 23,Last Quarter,09:56
235,2016 Oct 01,New Moon,00:11
236,2016 Oct 09,First Quarter,04:33
237,2016 Oct 16,Full Moon,04:23
238,2016 Oct 22,Last Quarter,19:14
239,2016 Oct 30,New Moon,17:38
240,2016 Nov 07,First Quarter,19:51
241,2016 Nov 14,Full Moon,13:52
242,2016 Nov 21,Last Quarter,08:33
243,2016 Nov 29,New Moon,12:18
244,2016 Dec 07,First Quarter,09:03
245,2016 Dec 14,Full Moon,00:05
246,2016 Dec 21,Last Quarter,01:56
247,2016 Dec 29,New Moon,06:53
248,2017 Jan 05,First Quarter,19:47
249,2017 Jan 12,Full Moon,11:34
250,2017 Jan 19,Last Quarter,22:13
251,2017 Jan 28,New Moon,00:07
252,2017 Feb 04,First Quarter,04:19
253,2017 Feb 11,Full Moon,00:33
254,2017 Feb 18,Last Quarter,19:33
255,2017 Feb 26,New Moon,14:58
256,2017 Mar 05,First Quarter,11:32
257,2017 Mar 12,Full Moon,14:54
258,2017 Mar 20,Last Quarter,15:58
259,2017 Mar 28,New Moon,02:57
260,2017 Apr 03,First Quarter,18:39
261,2017 Apr 11,Full Moon,06:08
262,2017 Apr 19,Last Quarter,09:57
263,2017 Apr 26,New Moon,12:16
264,2017 May 03,First Quarter,02:47
265,2017 May 10,Full Moon,21:42
266,2017 May 19,Last Quarter,00:33
267,2017 May 25,New Moon,19:44
268,2017 Jun 01,First Quarter,12:42
269,2017 Jun 09,Full Moon,13:10
270,2017 Jun 17,Last Quarter,11:33
271,2017 Jun 24,New Moon,02:31
272,2017 Jul 01,First Quarter,00:51
273,2017 Jul 09,Full Moon,04:07
274,2017 Jul 16,Last Quarter,19:26
275,2017 Jul 23,New Moon,09:46
276,2017 Jul 30,First Quarter,15:23
277,2017 Aug 07,Full Moon,18:11
278,2017 Aug 15,Last Quarter,01:15
279,2017 Aug 21,New Moon,18:30
280,2017 Aug 29,First Quarter,08:13
281,2017 Sep 06,Full Moon,07:03
282,2017 Sep 13,Last Quarter,06:25
283,2017 Sep 20,New Moon,05:30
284,2017 Sep 28,First Quarter,02:53
285,2017 Oct 05,Full Moon,18:40
286,2017 Oct 12,Last Quarter,12:25
287,2017 Oct 19,New Moon,19:12
288,2017 Oct 27,First Quarter,22:22
289,2017 Nov 04,Full Moon,05:23
290,2017 Nov 10,Last Quarter,20:36
291,2017 Nov 18,New Moon,11:42
292,2017 Nov 26,First Quarter,17:03
293,2017 Dec 03,Full Moon,15:47
294,2017 Dec 10,Last Quarter,07:51
295,2017 Dec 18,New Moon,06:30
296,2017 Dec 26,First Quarter,09:20
297,2018 Jan 02,Full Moon,02:24
298,2018 Jan 08,Last Quarter,22:25
299,2018 Jan 17,New Moon,02:17
300,2018 Jan 24,First Quarter,22:20
301,2018 Jan 31,Full Moon,13:27
302,2018 Feb 07,Last Quarter,15:54
303,2018 Feb 15,New Moon,21:05
304,2018 Feb 23,First Quarter,08:09
305,2018 Mar 02,Full Moon,00:51
306,2018 Mar 09,Last Quarter,11:20
307,2018 Mar 17,New Moon,13:12
308,2018 Mar 24,First Quarter,15:35
309,2018 Mar 31,Full Moon,12:37
310,2018 Apr 08,Last Quarter,07:17
311,2018 Apr 16,New Moon,01:57
312,2018 Apr 22,First Quarter,21:46
313,2018 Apr 30,Full Moon,00:58
314,2018 May 08,Last Quarter,02:09
315,2018 May 15,New Moon,11:48
316,2018 May 22,First Quarter,03:49
317,2018 May 29,Full Moon,14:19
318,2018 Jun 06,Last Quarter,18:32
319,2018 Jun 13,New Moon,19:43
320,2018 Jun 20,First Quarter,10:51
321,2018 Jun 28,Full Moon,04:53
322,2018 Jul 06,Last Quarter,07:51
323,2018 Jul 13,New Moon,02:48
324,2018 Jul 19,First Quarter,19:52
325,2018 Jul 27,Full Moon,20:20
326,2018 Aug 04,Last Quarter,18:18
327,2018 Aug 11,New Moon,09:58
328,2018 Aug 18,First Quarter,07:48
329,2018 Aug 26,Full Moon,11:56
330,2018 Sep 03,Last Quarter,02:37
331,2018 Sep 09,New Moon,18:01
332,2018 Sep 16,First Quarter,23:15
333,2018 Sep 25,Full Moon,02:52
334,2018 Oct 02,Last Quarter,09:45
335,2018 Oct 09,New Moon,03:47
336,2018 Oct 16,First Quarter,18:02
337,2018 Oct 24,Full Moon,16:45
338,2018 Oct 31,Last Quarter,16:40
339,2018 Nov 07,New Moon,16:02
340,2018 Nov 15,First Quarter,14:54
341,2018 Nov 23,Full Moon,05:39
342,2018 Nov 30,Last Quarter,00:19
343,2018 Dec 07,New Moon,07:20
344,2018 Dec 15,First Quarter,11:49
345,2018 Dec 22,Full Moon,17:49
346,2018 Dec 29,Last Quarter,09:34
347,2012 Jan 01,First Quarter,06:15
348,2012 Jan 09,Full Moon,07:30
349,2012 Jan 16,Last Quarter,09:08
350,2012 Jan 23,New Moon,07:39
351,2012 Jan 31,First Quarter,04:10
352,2012 Feb 07,Full Moon,21:54
353,2012 Feb 14,Last Quarter,17:04
354,2012 Feb 21,New Moon,22:35
355,2012 Mar 01,First Quarter,01:21
356,2012 Mar 08,Full Moon,09:39
357,2012 Mar 15,Last Quarter,01:25
358,2012 Mar 22,New Moon,14:37
359,2012 Mar 30,First Quarter,19:41
360,2012 Apr 06,Full Moon,19:19
361,2012 Apr 13,Last Quarter,10:50
362,2012 Apr 21,New Moon,07:18
363,2012 Apr 29,First Quarter,09:57
364,2012 May 06,Full Moon,03:35
365,2012 May 12,Last Quarter,21:47
366,2012 May 20,New Moon,23:47
367,2012 May 28,First Quarter,20:16
368,2012 Jun 04,Full Moon,11:12
369,2012 Jun 11,Last Quarter,10:41
370,2012 Jun 19,New Moon,15:02
371,2012 Jun 27,First Quarter,03:30
372,2012 Jul 03,Full Moon,18:52
373,2012 Jul 11,Last Quarter,01:48
374,2012 Jul 19,New Moon,04:24
375,2012 Jul 26,First Quarter,08:56
376,2012 Aug 02,Full Moon,03:27
377,2012 Aug 09,Last Quarter,18:55
378,2012 Aug 17,New Moon,15:54
379,2012 Aug 24,First Quarter,13:54
380,2012 Aug 31,Full Moon,13:58
381,2012 Sep 08,Last Quarter,13:15
382,2012 Sep 16,New Moon,02:11
383,2012 Sep 22,First Quarter,19:41
384,2012 Sep 30,Full Moon,03:19
385,2012 Oct 08,Last Quarter,07:33
386,2012 Oct 15,New Moon,12:02
387,2012 Oct 22,First Quarter,03:32
388,2012 Oct 29,Full Moon,19:49
389,2012 Nov 07,Last Quarter,00:36
390,2012 Nov 13,New Moon,22:08
391,2012 Nov 20,First Quarter,14:31
392,2012 Nov 28,Full Moon,14:46
393,2012 Dec 06,Last Quarter,15:31
394,2012 Dec 13,New Moon,08:42
395,2012 Dec 20,First Quarter,05:19
396,2012 Dec 28,Full Moon,10:21
397,2013 Jan 05,Last Quarter,03:58
398,2013 Jan 11,New Moon,19:44
399,2013 Jan 18,First Quarter,23:45
400,2013 Jan 27,Full Moon,04:38
401,2013 Feb 03,Last Quarter,13:56
402,2013 Feb 10,New Moon,07:20
403,2013 Feb 17,First Quarter,20:31
404,2013 Feb 25,Full Moon,20:26
405,2013 Mar 04,Last Quarter,21:53
406,2013 Mar 11,New Moon,19:51
407,2013 Mar 19,First Quarter,17:27
408,2013 Mar 27,Full Moon,09:27
409,2013 Apr 03,Last Quarter,04:37
410,2013 Apr 10,New Moon,09:35
411,2013 Apr 18,First Quarter,12:31
412,2013 Apr 25,Full Moon,19:57
413,2013 May 02,Last Quarter,11:14
414,2013 May 10,New Moon,00:28
415,2013 May 18,First Quarter,04:34
416,2013 May 25,Full Moon,04:25
417,2013 May 31,Last Quarter,18:58
418,2013 Jun 08,New Moon,15:56
419,2013 Jun 16,First Quarter,17:24
420,2013 Jun 23,Full Moon,11:32
421,2013 Jun 30,Last Quarter,04:53
422,2013 Jul 08,New Moon,07:14
423,2013 Jul 16,First Quarter,03:18
424,2013 Jul 22,Full Moon,18:15
425,2013 Jul 29,Last Quarter,17:43
426,2013 Aug 06,New Moon,21:51
427,2013 Aug 14,First Quarter,10:56
428,2013 Aug 21,Full Moon,01:45
429,2013 Aug 28,Last Quarter,09:35
430,2013 Sep 05,New Moon,11:36
431,2013 Sep 12,First Quarter,17:08
432,2013 Sep 19,Full Moon,11:13
433,2013 Sep 27,Last Quarter,03:55
434,2013 Oct 05,New Moon,00:34
435,2013 Oct 11,First Quarter,23:02
436,2013 Oct 18,Full Moon,23:38
437,2013 Oct 26,Last Quarter,23:40
438,2013 Nov 03,New Moon,12:50
439,2013 Nov 10,First Quarter,05:57
440,2013 Nov 17,Full Moon,15:16
441,2013 Nov 25,Last Quarter,19:28
442,2013 Dec 03,New Moon,00:22
443,2013 Dec 09,First Quarter,15:12
444,2013 Dec 17,Full Moon,09:28
445,2013 Dec 25,Last Quarter,13:48
446,2014 Jan 01,New Moon,11:14
447,2014 Jan 08,First Quarter,03:39
448,2014 Jan 16,Full Moon,04:52
449,2014 Jan 24,Last Quarter,05:19
450,2014 Jan 30,New Moon,21:38
451,2014 Feb 06,First Quarter,19:22
452,2014 Feb 14,Full Moon,23:53
453,2014 Feb 22,Last Quarter,17:15
454,2014 Mar 01,New Moon,08:00
455,2014 Mar 08,First Quarter,13:27
456,2014 Mar 16,Full Moon,17:08
457,2014 Mar 24,Last Quarter,01:46
458,2014 Mar 30,New Moon,18:45
459,2014 Apr 07,First Quarter,08:31
460,2014 Apr 15,Full Moon,07:42
461,2014 Apr 22,Last Quarter,07:52
462,2014 Apr 29,New Moon,06:14
463,2014 May 07,First Quarter,03:15
464,2014 May 14,Full Moon,19:16
465,2014 May 21,Last Quarter,12:59
466,2014 May 28,New Moon,18:40
467,2014 Jun 05,First Quarter,20:39
468,2014 Jun 13,Full Moon,04:11
469,2014 Jun 19,Last Quarter,18:39
470,2014 Jun 27,New Moon,08:08
471,2014 Jul 05,First Quarter,11:59
472,2014 Jul 12,Full Moon,11:25
473,2014 Jul 19,Last Quarter,02:08
474,2014 Jul 26,New Moon,22:42
475,2014 Aug 04,First Quarter,00:50
476,2014 Aug 10,Full Moon,18:09
477,2014 Aug 17,Last Quarter,12:26
478,2014 Aug 25,New Moon,14:13
479,2014 Sep 02,First Quarter,11:11
480,2014 Sep 09,Full Moon,01:38
481,2014 Sep 16,Last Quarter,02:05
482,2014 Sep 24,New Moon,06:14
483,2014 Oct 01,First Quarter,19:33
484,2014 Oct 08,Full Moon,10:51
485,2014 Oct 15,Last Quarter,19:12
486,2014 Oct 23,New Moon,21:57
487,2014 Oct 31,First Quarter,02:48
488,2014 Nov 06,Full Moon,22:23
489,2014 Nov 14,Last Quarter,15:15
490,2014 Nov 22,New Moon,12:32
491,2014 Nov 29,First Quarter,10:06
492,2014 Dec 06,Full Moon,12:27
493,2014 Dec 14,Last Quarter,12:51
494,2014 Dec 22,New Moon,01:36
495,2014 Dec 28,First Quarter,18:31
496,2015 Jan 05,Full Moon,04:53
497,2015 Jan 13,Last Quarter,09:46
498,2015 Jan 20,New Moon,13:14
499,2015 Jan 27,First Quarter,04:48
500,2015 Feb 03,Full Moon,23:09
501,2015 Feb 12,Last Quarter,03:50
502,2015 Feb 18,New Moon,23:47
503,2015 Feb 25,First Quarter,17:14
504,2015 Mar 05,Full Moon,18:05
505,2015 Mar 13,Last Quarter,17:48
506,2015 Mar 20,New Moon,09:36
507,2015 Mar 27,First Quarter,07:43
508,2015 Apr 04,Full Moon,12:05
509,2015 Apr 12,Last Quarter,03:44
510,2015 Apr 18,New Moon,18:57
511,2015 Apr 25,First Quarter,23:55
512,2015 May 04,Full Moon,03:42
513,2015 May 11,Last Quarter,10:36
514,2015 May 18,New Moon,04:13
515,2015 May 25,First Quarter,17:19
516,2015 Jun 02,Full Moon,16:19
517,2015 Jun 09,Last Quarter,15:42
518,2015 Jun 16,New Moon,14:05
519,2015 Jun 24,First Quarter,11:02
520,2015 Jul 02,Full Moon,02:20
521,2015 Jul 08,Last Quarter,20:24
522,2015 Jul 16,New Moon,01:24
523,2015 Jul 24,First Quarter,04:04
524,2015 Jul 31,Full Moon,10:43
525,2015 Aug 07,Last Quarter,02:03
526,2015 Aug 14,New Moon,14:53
527,2015 Aug 22,First Quarter,19:31
528,2015 Aug 29,Full Moon,18:35
529,2015 Sep 05,Last Quarter,09:54
530,2015 Sep 13,New Moon,06:41
531,2015 Sep 21,First Quarter,08:59
532,2015 Sep 28,Full Moon,02:50
533,2015 Oct 04,Last Quarter,21:06
534,2015 Oct 13,New Moon,00:06
535,2015 Oct 20,First Quarter,20:31
536,2015 Oct 27,Full Moon,12:05
537,2015 Nov 03,Last Quarter,12:24
538,2015 Nov 11,New Moon,17:47
539,2015 Nov 19,First Quarter,06:27
540,2015 Nov 25,Full Moon,22:44
541,2015 Dec 03,Last Quarter,07:40
542,2015 Dec 11,New Moon,10:29
543,2015 Dec 18,First Quarter,15:14
544,2015 Dec 25,Full Moon,11:11
545,2016 Jan 02,Last Quarter,05:30
546,2016 Jan 10,New Moon,01:30
547,2016 Jan 16,First Quarter,23:26
548,2016 Jan 24,Full Moon,01:46
549,2016 Feb 01,Last Quarter,03:28
550,2016 Feb 08,New Moon,14:39
551,2016 Feb 15,First Quarter,07:46
552,2016 Feb 22,Full Moon,18:20
553,2016 Mar 01,Last Quarter,23:11
554,2016 Mar 09,New Moon,01:54
555,2016 Mar 15,First Quarter,17:03
556,2016 Mar 23,Full Moon,12:01
557,2016 Mar 31,Last Quarter,15:17
558,2016 Apr 07,New Moon,11:24
559,2016 Apr 14,First Quarter,03:59
560,2016 Apr 22,Full Moon,05:24
561,2016 Apr 30,Last Quarter,03:29
562,2016 May 06,New Moon,19:29
563,2016 May 13,First Quarter,17:02
564,2016 May 21,Full Moon,21:14
565,2016 May 29,Last Quarter,12:12
566,2016 Jun 05,New Moon,03:00
567,2016 Jun 12,First Quarter,08:10
568,2016 Jun 20,Full Moon,11:02
569,2016 Jun 27,Last Quarter,18:19
570,2016 Jul 04,New Moon,11:01
571,2016 Jul 12,First Quarter,00:52
572,2016 Jul 19,Full Moon,22:56
573,2016 Jul 26,Last Quarter,23:00
574,2016 Aug 02,New Moon,20:44
575,2016 Aug 10,First Quarter,18:21
576,2016 Aug 18,Full Moon,09:26
577,2016 Aug 25,Last Quarter,03:41
578,2016 Sep 01,New Moon,09:03
579,2016 Sep 09,First Quarter,11:49
580,2016 Sep 16,Full Moon,19:05
581,2016 Sep 23,Last Quarter,09:56
582,2016 Oct 01,New Moon,00:11
583,2016 Oct 09,First Quarter,04:33
584,2016 Oct 16,Full Moon,04:23
585,2016 Oct 22,Last Quarter,19:14
586,2016 Oct 30,New Moon,17:38
587,2016 Nov 07,First Quarter,19:51
588,2016 Nov 14,Full Moon,13:52
589,2016 Nov 21,Last Quarter,08:33
590,2016 Nov 29,New Moon,12:18
591,2016 Dec 07,First Quarter,09:03
592,2016 Dec 14,Full Moon,00:05
593,2016 Dec 21,Last Quarter,01:56
594,2016 Dec 29,New Moon,06:53
595,2017 Jan 05,First Quarter,19:47
596,2017 Jan 12,Full Moon,11:34
597,2017 Jan 19,Last Quarter,22:13
598,2017 Jan 28,New Moon,00:07
599,2017 Feb 04,First Quarter,04:19
600,2017 Feb 11,Full Moon,00:33
601,2017 Feb 18,Last Quarter,19:33
602,2017 Feb 26,New Moon,14:58
603,2017 Mar 05,First Quarter,11:32
604,2017 Mar 12,Full Moon,14:54
605,2017 Mar 20,Last Quarter,15:58
606,2017 Mar 28,New Moon,02:57
607,2017 Apr 03,First Quarter,18:39
608,2017 Apr 11,Full Moon,06:08
609,2017 Apr 19,Last Quarter,09:57
610,2017 Apr 26,New Moon,12:16
611,2017 May 03,First Quarter,02:47
612,2017 May 10,Full Moon,21:42
613,2017 May 19,Last Quarter,00:33
614,2017 May 25,New Moon,19:44
615,2017 Jun 01,First Quarter,12:42
616,2017 Jun 09,Full Moon,13:10
617,2017 Jun 17,Last Quarter,11:33
618,2017 Jun 24,New Moon,02:31
619,2017 Jul 01,First Quarter,00:51
620,2017 Jul 09,Full Moon,04:07
621,2017 Jul 16,Last Quarter,19:26
622,2017 Jul 23,New Moon,09:46
623,2017 Jul 30,First Quarter,15:23
624,2017 Aug 07,Full Moon,18:11
625,2017 Aug 15,Last Quarter,01:15
626,2017 Aug 21,New Moon,18:30
627,2017 Aug 29,First Quarter,08:13
628,2017 Sep 06,Full Moon,07:03
629,2017 Sep 13,Last Quarter,06:25
630,2017 Sep 20,New Moon,05:30
631,2017 Sep 28,First Quarter,02:53
632,2017 Oct 05,Full Moon,18:40
633,2017 Oct 12,Last Quarter,12:25
634,2017 Oct 19,New Moon,19:12
635,2017 Oct 27,First Quarter,22:22
636,2017 Nov 04,Full Moon,05:23
637,2017 Nov 10,Last Quarter,20:36
638,2017 Nov 18,New Moon,11:42
639,2017 Nov 26,First Quarter,17:03
640,2017 Dec 03,Full Moon,15:47
641,2017 Dec 10,Last Quarter,07:51
642,2017 Dec 18,New Moon,06:30
643,2017 Dec 26,First Quarter,09:20
644,2018 Jan 02,Full Moon,02:24
645,2018 Jan 08,Last Quarter,22:25
646,2018 Jan 17,New Moon,02:17
647,2018 Jan 24,First Quarter,22:20
648,2018 Jan 31,Full Moon,13:27
649,2018 Feb 07,Last Quarter,15:54
650,2018 Feb 15,New Moon,21:05
651,2018 Feb 23,First Quarter,08:09
652,2018 Mar 02,Full Moon,00:51
653,2018 Mar 09,Last Quarter,11:20
654,2018 Mar 17,New Moon,13:12
655,2018 Mar 24,First Quarter,15:35
656,2018 Mar 31,Full Moon,12:37
657,2018 Apr 08,Last Quarter,07:17
658,2018 Apr 16,New Moon,01:57
659,2018 Apr 22,First Quarter,21:46
660,2018 Apr 30,Full Moon,00:58
661,2018 May 08,Last Quarter,02:09
662,2018 May 15,New Moon,11:48
663,2018 May 22,First Quarter,03:49
664,2018 May 29,Full Moon,14:19
665,2018 Jun 06,Last Quarter,18:32
666,2018 Jun 13,New Moon,19:43
667,2018 Jun 20,First Quarter,10:51
668,2018 Jun 28,Full Moon,04:53
669,2018 Jul 06,Last Quarter,07:51
670,2018 Jul 13,New Moon,02:48
671,2018 Jul 19,First Quarter,19:52
672,2018 Jul 27,Full Moon,20:20
673,2018 Aug 04,Last Quarter,18:18
674,2018 Aug 11,New Moon,09:58
675,2018 Aug 18,First Quarter,07:48
676,2018 Aug 26,Full Moon,11:56
677,2018 Sep 03,Last Quarter,02:37
678,2018 Sep 09,New Moon,18:01
679,2018 Sep 16,First Quarter,23:15
680,2018 Sep 25,Full Moon,02:52
681,2018 Oct 02,Last Quarter,09:45
682,2018 Oct 09,New Moon,03:47
683,2018 Oct 16,First Quarter,18:02
684,2018 Oct 24,Full Moon,16:45
685,2018 Oct 31,Last Quarter,16:40
686,2018 Nov 07,New Moon,16:02
687,2018 Nov 15,First Quarter,14:54
688,2018 Nov 23,Full Moon,05:39
689,2018 Nov 30,Last Quarter,00:19
690,2018 Dec 07,New Moon,07:20
691,2018 Dec 15,First Quarter,11:49
692,2018 Dec 22,Full Moon,17:49
693,2018 Dec 29,Last Quarter,09:34
694,2012 Jan 01,First Quarter,06:15
695,2012 Jan 09,Full Moon,07:30
696,2012 Jan 16,Last Quarter,09:08
697,2012 Jan 23,New Moon,07:39
698,2012 Jan 31,First Quarter,04:10
699,2012 Feb 07,Full Moon,21:54
700,2012 Feb 14,Last Quarter,17:04
701,2012 Feb 21,New Moon,22:35
702,2012 Mar 01,First Quarter,01:21
703,2012 Mar 08,Full Moon,09:39
704,2012 Mar 15,Last Quarter,01:25
705,2012 Mar 22,New Moon,14:37
706,2012 Mar 30,First Quarter,19:41
707,2012 Apr 06,Full Moon,19:19
708,2012 Apr 13,Last Quarter,10:50
709,2012 Apr 21,New Moon,07:18
710,2012 Apr 29,First Quarter,09:57
711,2012 May 06,Full Moon,03:35
712,2012 May 12,Last Quarter,21:47
713,2012 May 20,New Moon,23:47
714,2012 May 28,First Quarter,20:16
715,2012 Jun 04,Full Moon,11:12
716,2012 Jun 11,Last Quarter,10:41
717,2012 Jun 19,New Moon,15:02
718,2012 Jun 27,First Quarter,03:30
719,2012 Jul 03,Full Moon,18:52
720,2012 Jul 11,Last Quarter,01:48
721,2012 Jul 19,New Moon,04:24
722,2012 Jul 26,First Quarter,08:56
723,2012 Aug 02,Full Moon,03:27
724,2012 Aug 09,Last Quarter,18:55
725,2012 Aug 17,New Moon,15:54
726,2012 Aug 24,First Quarter,13:54
727,2012 Aug 31,Full Moon,13:58
728,2012 Sep 08,Last Quarter,13:15
729,2012 Sep 16,New Moon,02:11
730,2012 Sep 22,First Quarter,19:41
731,2012 Sep 30,Full Moon,03:19
732,2012 Oct 08,Last Quarter,07:33
733,2012 Oct 15,New Moon,12:02
734,2012 Oct 22,First Quarter,03:32
735,2012 Oct 29,Full Moon,19:49
736,2012 Nov 07,Last Quarter,00:36
737,2012 Nov 13,New Moon,22:08
738,2012 Nov 20,First Quarter,14:31
739,2012 Nov 28,Full Moon,14:46
740,2012 Dec 06,Last Quarter,15:31
741,2012 Dec 13,New Moon,08:42
742,2012 Dec 20,First Quarter,05:19
743,2012 Dec 28,Full Moon,10:21
744,2013 Jan 05,Last Quarter,03:58
745,2013 Jan 11,New Moon,19:44
746,2013 Jan 18,First Quarter,23:45
747,2013 Jan 27,Full Moon,04:38
748,2013 Feb 03,Last Quarter,13:56
749,2013 Feb 10,New Moon,07:20
750,2013 Feb 17,First Quarter,20:31
751,2013 Feb 25,Full Moon,20:26
752,2013 Mar 04,Last Quarter,21:53
753,2013 Mar 11,New Moon,19:51
754,2013 Mar 19,First Quarter,17:27
755,2013 Mar 27,Full Moon,09:27
756,2013 Apr 03,Last Quarter,04:37
757,2013 Apr 10,New Moon,09:35
758,2013 Apr 18,First Quarter,12:31
759,2013 Apr 25,Full Moon,19:57
760,2013 May 02,Last Quarter,11:14
761,2013 May 10,New Moon,00:28
762,2013 May 18,First Quarter,04:34
763,2013 May 25,Full Moon,04:25
764,2013 May 31,Last Quarter,18:58
765,2013 Jun 08,New Moon,15:56
766,2013 Jun 16,First Quarter,17:24
767,2013 Jun 23,Full Moon,11:32
768,2013 Jun 30,Last Quarter,04:53
769,2013 Jul 08,New Moon,07:14
770,2013 Jul 16,First Quarter,03:18
771,2013 Jul 22,Full Moon,18:15
772,2013 Jul 29,Last Quarter,17:43
773,2013 Aug 06,New Moon,21:51
774,2013 Aug 14,First Quarter,10:56
775,2013 Aug 21,Full Moon,01:45
776,2013 Aug 28,Last Quarter,09:35
777,2013 Sep 05,New Moon,11:36
778,2013 Sep 12,First Quarter,17:08
779,2013 Sep 19,Full Moon,11:13
780,2013 Sep 27,Last Quarter,03:55
781,2013 Oct 05,New Moon,00:34
782,2013 Oct 11,First Quarter,23:02
783,2013 Oct 18,Full Moon,23:38
784,2013 Oct 26,Last Quarter,23:40
785,2013 Nov 03,New Moon,12:50
786,2013 Nov 10,First Quarter,05:57
787,2013 Nov 17,Full Moon,15:16
788,2013 Nov 25,Last Quarter,19:28
789,2013 Dec 03,New Moon,00:22
790,2013 Dec 09,First Quarter,15:12
791,2013 Dec 17,Full Moon,09:28
792,2013 Dec 25,Last Quarter,13:48
793,2014 Jan 01,New Moon,11:14
794,2014 Jan 08,First Quarter,03:39
795,2014 Jan 16,Full Moon,04:52
796,2014 Jan 24,Last Quarter,05:19
797,2014 Jan 30,New Moon,21:38
798,2014 Feb 06,First Quarter,19:22
799,2014 Feb 14,Full Moon,23:53
800,2014 Feb 22,Last Quarter,17:15
801,2014 Mar 01,New Moon,08:00
802,2014 Mar 08,First Quarter,13:27
803,2014 Mar 16,Full Moon,17:08
804,2014 Mar 24,Last Quarter,01:46
805,2014 Mar 30,New Moon,18:45
806,2014 Apr 07,First Quarter,08:31
807,2014 Apr 15,Full Moon,07:42
808,2014 Apr 22,Last Quarter,07:52
809,2014 Apr 29,New Moon,06:14
810,2014 May 07,First Quarter,03:15
811,2014 May 14,Full Moon,19:16
812,2014 May 21,Last Quarter,12:59
813,2014 May 28,New Moon,18:40
814,2014 Jun 05,First Quarter,20:39
815,2014 Jun 13,Full Moon,04:11
816,2014 Jun 19,Last Quarter,18:39
817,2014 Jun 27,New Moon,08:08
818,2014 Jul 05,First Quarter,11:59
819,2014 Jul 12,Full Moon,11:25
820,2014 Jul 19,Last Quarter,02:08
821,2014 Jul 26,New Moon,22:42
822,2014 Aug 04,First Quarter,00:50
823,2014 Aug 10,Full Moon,18:09
824,2014 Aug 17,Last Quarter,12:26
825,2014 Aug 25,New Moon,14:13
826,2014 Sep 02,First Quarter,11:11
827,2014 Sep 09,Full Moon,01:38
828,2014 Sep 16,Last Quarter,02:05
829,2014 Sep 24,New Moon,06:14
830,2014 Oct 01,First Quarter,19:33
831,2014 Oct 08,Full Moon,10:51
832,2014 Oct 15,Last Quarter,19:12
833,2014 Oct 23,New Moon,21:57
834,2014 Oct 31,First Quarter,02:48
835,2014 Nov 06,Full Moon,22:23
836,2014 Nov 14,Last Quarter,15:15
837,2014 Nov 22,New Moon,12:32
838,2014 Nov 29,First Quarter,10:06
839,2014 Dec 06,Full Moon,12:27
840,2014 Dec 14,Last Quarter,12:51
841,2014 Dec 22,New Moon,01:36
842,2014 Dec 28,First Quarter,18:31
843,2015 Jan 05,Full Moon,04:53
844,2015 Jan 13,Last Quarter,09:46
845,2015 Jan 20,New Moon,13:14
846,2015 Jan 27,First Quarter,04:48
847,2015 Feb 03,Full Moon,23:09
848,2015 Feb 12,Last Quarter,03:50
849,2015 Feb 18,New Moon,23:47
850,2015 Feb 25,First Quarter,17:14
851,2015 Mar 05,Full Moon,18:05
852,2015 Mar 13,Last Quarter,17:48
853,2015 Mar 20,New Moon,09:36
854,2015 Mar 27,First Quarter,07:43
855,2015 Apr 04,Full Moon,12:05
856,2015 Apr 12,Last Quarter,03:44
857,2015 Apr 18,New Moon,18:57
858,2015 Apr 25,First Quarter,23:55
859,2015 May 04,Full Moon,03:42
860,2015 May 11,Last Quarter,10:36
861,2015 May 18,New Moon,04:13
862,2015 May 25,First Quarter,17:19
863,2015 Jun 02,Full Moon,16:19
864,2015 Jun 09,Last Quarter,15:42
865,2015 Jun 16,New Moon,14:05
866,2015 Jun 24,First Quarter,11:02
867,2015 Jul 02,Full Moon,02:20
868,2015 Jul 08,Last Quarter,20:24
869,2015 Jul 16,New Moon,01:24
870,2015 Jul 24,First Quarter,04:04
871,2015 Jul 31,Full Moon,10:43
872,2015 Aug 07,Last Quarter,02:03
873,2015 Aug 14,New Moon,14:53
874,2015 Aug 22,First Quarter,19:31
875,2015 Aug 29,Full Moon,18:35
876,2015 Sep 05,Last Quarter,09:54
877,2015 Sep 13,New Moon,06:41
878,2015 Sep 21,First Quarter,08:59
879,2015 Sep 28,Full Moon,02:50
880,2015 Oct 04,Last Quarter,21:06
881,2015 Oct 13,New Moon,00:06
882,2015 Oct 20,First Quarter,20:31
883,2015 Oct 27,Full Moon,12:05
884,2015 Nov 03,Last Quarter,12:24
885,2015 Nov 11,New Moon,17:47
886,2015 Nov 19,First Quarter,06:27
887,2015 Nov 25,Full Moon,22:44
888,2015 Dec 03,Last Quarter,07:40
889,2015 Dec 11,New Moon,10:29
890,2015 Dec 18,First Quarter,15:14
891,2015 Dec 25,Full Moon,11:11
892,2016 Jan 02,Last Quarter,05:30
893,2016 Jan 10,New Moon,01:30
894,2016 Jan 16,First Quarter,23:26
895,2016 Jan 24,Full Moon,01:46
896,2016 Feb 01,Last Quarter,03:28
897,2016 Feb 08,New Moon,14:39
898,2016 Feb 15,First Quarter,07:46
899,2016 Feb 22,Full Moon,18:20
900,2016 Mar 01,Last Quarter,23:11
901,2016 Mar 09,New Moon,01:54
902,2016 Mar 15,First Quarter,17:03
903,2016 Mar 23,Full Moon,12:01
904,2016 Mar 31,Last Quarter,15:17
905,2016 Apr 07,New Moon,11:24
906,2016 Apr 14,First Quarter,03:59
907,2016 Apr 22,Full Moon,05:24
908,2016 Apr 30,Last Quarter,03:29
909,2016 May 06,New Moon,19:29
910,2016 May 13,First Quarter,17:02
911,2016 May 21,Full Moon,21:14
912,2016 May 29,Last Quarter,12:12
913,2016 Jun 05,New Moon,03:00
914,2016 Jun 12,First Quarter,08:10
915,2016 Jun 20,Full Moon,11:02
916,2016 Jun 27,Last Quarter,18:19
917,2016 Jul 04,New Moon,11:01
918,2016 Jul 12,First Quarter,00:52
919,2016 Jul 19,Full Moon,22:56
920,2016 Jul 26,Last Quarter,23:00
921,2016 Aug 02,New Moon,20:44
922,2016 Aug 10,First Quarter,18:21
923,2016 Aug 18,Full Moon,09:26
924,2016 Aug 25,Last Quarter,03:41
925,2016 Sep 01,New Moon,09:03
926,2016 Sep 09,First Quarter,11:49
927,2016 Sep 16,Full Moon,19:05
928,2016 Sep 23,Last Quarter,09:56
929,2016 Oct 01,New Moon,00:11
930,2016 Oct 09,First Quarter,04:33
931,2016 Oct 16,Full Moon,04:23
932,2016 Oct 22,Last Quarter,19:14
933,2016 Oct 30,New Moon,17:38
934,2016 Nov 07,First Quarter,19:51
935,2016 Nov 14,Full Moon,13:52
936,2016 Nov 21,Last Quarter,08:33
937,2016 Nov 29,New Moon,12:18
938,2016 Dec 07,First Quarter,09:03
939,2016 Dec 14,Full Moon,00:05
940,2016 Dec 21,Last Quarter,01:56
941,2016 Dec 29,New Moon,06:53
942,2017 Jan 05,First Quarter,19:47
943,2017 Jan 12,Full Moon,11:34
944,2017 Jan 19,Last Quarter,22:13
945,2017 Jan 28,New Moon,00:07
946,2017 Feb 04,First Quarter,04:19
947,2017 Feb 11,Full Moon,00:33
948,2017 Feb 18,Last Quarter,19:33
949,2017 Feb 26,New Moon,14:58
950,2017 Mar 05,First Quarter,11:32
951,2017 Mar 12,Full Moon,14:54
952,2017 Mar 20,Last Quarter,15:58
953,2017 Mar 28,New Moon,02:57
954,2017 Apr 03,First Quarter,18:39
955,2017 Apr 11,Full Moon,06:08
956,2017 Apr 19,Last Quarter,09:57
957,2017 Apr 26,New Moon,12:16
958,2017 May 03,First Quarter,02:47
959,2017 May 10,Full Moon,21:42
960,2017 May 19,Last Quarter,00:33
961,2017 May 25,New Moon,19:44
962,2017 Jun 01,First Quarter,12:42
963,2017 Jun 09,Full Moon,13:10
964,2017 Jun 17,Last Quarter,11:33
965,2017 Jun 24,New Moon,02:31
966,2017 Jul 01,First Quarter,00:51
967,2017 Jul 09,Full Moon,04:07
968,2017 Jul 16,Last Quarter,19:26
969,2017 Jul 23,New Moon,09:46
970,2017 Jul 30,First Quarter,15:23
971,2017 Aug 07,Full Moon,18:11
972,2017 Aug 15,Last Quarter,01:15
973,2017 Aug 21,New Moon,18:30
974,2017 Aug 29,First Quarter,08:13
975,2017 Sep 06,Full Moon,07:03
976,2017 Sep 13,Last Quarter,06:25
977,2017 Sep 20,New Moon,05:30
978,2017 Sep 28,First Quarter,02:53
979,2017 Oct 05,Full Moon,18:40
980,2017 Oct 12,Last Quarter,12:25
981,2017 Oct 19,New Moon,19:12
982,2017 Oct 27,First Quarter,22:22
983,2017 Nov 04,Full Moon,05:23
984,2017 Nov 10,Last Quarter,20:36
985,2017 Nov 18,New Moon,11:42
986,2017 Nov 26,First Quarter,17:03
987,2017 Dec 03,Full Moon,15:47
988,2017 Dec 10,Last Quarter,07:51
989,2017 Dec 18,New Moon,06:30
990,2017 Dec 26,First Quarter,09:20
991,2018 Jan 02,Full Moon,02:24
992,2018 Jan 08,Last Quarter,22:25
993,2018 Jan 17,New Moon,02:17
994,2018 Jan 24,First Quarter,22:20
995,2018 Jan 31,Full Moon,13:27
996,2018 Feb 07,Last Quarter,15:54
997,2018 Feb 15,New Moon,21:05
998,2018 Feb 23,First Quarter,08:09
999,2018 Mar 02,Full Moon,00:51
1000,2018 Mar 09,Last Quarter,11:20
1001,2018 Mar 17,New Moon,13:12
1002,2018 Mar 24,First Quarter,15:35
1003,2018 Mar 31,Full Moon,12:37
1004,2018 Apr 08,Last Quarter,07:17
1005,2018 Apr 16,New Moon,01:57
1006,2018 Apr 22,First Quarter,21:46
1007,2018 Apr 30,Full Moon,00:58
1008,2018 May 08,Last Quarter,02:09
1009,2018 May 15,New Moon,11:48
1010,2018 May 22,First Quarter,03:49
1011,2018 May 29,Full Moon,14:19
1012,2018 Jun 06,Last Quarter,18:32
1013,2018 Jun 13,New Moon,19:43
1014,2018 Jun 20,First Quarter,10:51
1015,2018 Jun 28,Full Moon,04:53
1016,2018 Jul 06,Last Quarter,07:51
1017,2018 Jul 13,New Moon,02:48
1018,2018 Jul 19,First Quarter,19:52
1019,2018 Jul 27,Full Moon,20:20
1020,2018 Aug 04,Last Quarter,18:18
1021,2018 Aug 11,New Moon,09:58
1022,2018 Aug 18,First Quarter,07:48
1023,2018 Aug 26,Full Moon,11:56
1024,2018 Sep 03,Last Quarter,02:37
1025,2018 Sep 09,New Moon,18:01
1026,2018 Sep 16,First Quarter,23:15
1027,2018 Sep 25,Full Moon,02:52
1028,2018 Oct 02,Last Quarter,09:45
1029,2018 Oct 09,New Moon,03:47
1030,2018 Oct 16,First Quarter,18:02
1031,2018 Oct 24,Full Moon,16:45
1032,2018 Oct 31,Last Quarter,16:40
1033,2018 Nov 07,New Moon,16:02
1034,2018 Nov 15,First Quarter,14:54
1035,2018 Nov 23,Full Moon,05:39
1036,2018 Nov 30,Last Quarter,00:19
1037,2018 Dec 07,New Moon,07:20
1038,2018 Dec 15,First Quarter,11:49
1039,2018 Dec 22,Full Moon,17:49
1040,2018 Dec 29,Last Quarter,09:34
1041,2019 Jan 06,New Moon,01:28
1042,2019 Jan 14,First Quarter,06:45
1043,2019 Jan 21,Full Moon,05:16
1044,2019 Jan 27,Last Quarter,21:10
1045,2019 Feb 04,New Moon,21:04
1046,2019 Feb 12,First Quarter,22:26
1047,2019 Feb 19,Full Moon,15:53
1048,2019 Feb 26,Last Quarter,11:28
1049,2019 Mar 06,New Moon,16:04
1050,2019 Mar 14,First Quarter,10:27
1051,2019 Mar 21,Full Moon,01:43
1052,2019 Mar 28,Last Quarter,04:10
1053,2019 Apr 05,New Moon,08:50
1054,2019 Apr 12,First Quarter,19:06
1055,2019 Apr 19,Full Moon,11:12
1056,2019 Apr 26,Last Quarter,22:18
1057,2019 May 04,New Moon,22:45
1058,2019 May 12,First Quarter,01:12
1059,2019 May 18,Full Moon,21:11
1060,2019 May 26,Last Quarter,16:34
1061,2019 Jun 03,New Moon,10:02
1062,2019 Jun 10,First Quarter,05:59
1063,2019 Jun 17,Full Moon,08:31
1064,2019 Jun 25,Last Quarter,09:46
1065,2019 Jul 02,New Moon,19:16
1066,2019 Jul 09,First Quarter,10:55
1067,2019 Jul 16,Full Moon,21:38
1068,2019 Jul 25,Last Quarter,01:18
1069,2019 Aug 01,New Moon,03:12
1070,2019 Aug 07,First Quarter,17:31
1071,2019 Aug 15,Full Moon,12:29
1072,2019 Aug 23,Last Quarter,14:56
1073,2019 Aug 30,New Moon,10:37
1074,2019 Sep 06,First Quarter,03:10
1075,2019 Sep 14,Full Moon,04:33
1076,2019 Sep 22,Last Quarter,02:41
1077,2019 Sep 28,New Moon,18:26
1078,2019 Oct 05,First Quarter,16:47
1079,2019 Oct 13,Full Moon,21:08
1080,2019 Oct 21,Last Quarter,12:39
1081,2019 Oct 28,New Moon,03:38
1082,2019 Nov 04,First Quarter,10:23
1083,2019 Nov 12,Full Moon,13:34
1084,2019 Nov 19,Last Quarter,21:11
1085,2019 Nov 26,New Moon,15:06
1086,2019 Dec 04,First Quarter,06:58
1087,2019 Dec 12,Full Moon,05:12
1088,2019 Dec 19,Last Quarter,04:57
1089,2019 Dec 26,New Moon,05:13
1090,2012 Jan 01,First Quarter,06:15
1091,2012 Jan 09,Full Moon,07:30
1092,2012 Jan 16,Last Quarter,09:08
1093,2012 Jan 23,New Moon,07:39
1094,2012 Jan 31,First Quarter,04:10
1095,2012 Feb 07,Full Moon,21:54
1096,2012 Feb 14,Last Quarter,17:04
1097,2012 Feb 21,New Moon,22:35
1098,2012 Mar 01,First Quarter,01:21
1099,2012 Mar 08,Full Moon,09:39
1100,2012 Mar 15,Last Quarter,01:25
1101,2012 Mar 22,New Moon,14:37
1102,2012 Mar 30,First Quarter,19:41
1103,2012 Apr 06,Full Moon,19:19
1104,2012 Apr 13,Last Quarter,10:50
1105,2012 Apr 21,New Moon,07:18
1106,2012 Apr 29,First Quarter,09:57
1107,2012 May 06,Full Moon,03:35
1108,2012 May 12,Last Quarter,21:47
1109,2012 May 20,New Moon,23:47
1110,2012 May 28,First Quarter,20:16
1111,2012 Jun 04,Full Moon,11:12
1112,2012 Jun 11,Last Quarter,10:41
1113,2012 Jun 19,New Moon,15:02
1114,2012 Jun 27,First Quarter,03:30
1115,2012 Jul 03,Full Moon,18:52
1116,2012 Jul 11,Last Quarter,01:48
1117,2012 Jul 19,New Moon,04:24
1118,2012 Jul 26,First Quarter,08:56
1119,2012 Aug 02,Full Moon,03:27
1120,2012 Aug 09,Last Quarter,18:55
1121,2012 Aug 17,New Moon,15:54
1122,2012 Aug 24,First Quarter,13:54
1123,2012 Aug 31,Full Moon,13:58
1124,2012 Sep 08,Last Quarter,13:15
1125,2012 Sep 16,New Moon,02:11
1126,2012 Sep 22,First Quarter,19:41
1127,2012 Sep 30,Full Moon,03:19
1128,2012 Oct 08,Last Quarter,07:33
1129,2012 Oct 15,New Moon,12:02
1130,2012 Oct 22,First Quarter,03:32
1131,2012 Oct 29,Full Moon,19:49
1132,2012 Nov 07,Last Quarter,00:36
1133,2012 Nov 13,New Moon,22:08
1134,2012 Nov 20,First Quarter,14:31
1135,2012 Nov 28,Full Moon,14:46
1136,2012 Dec 06,Last Quarter,15:31
1137,2012 Dec 13,New Moon,08:42
1138,2012 Dec 20,First Quarter,05:19
1139,2012 Dec 28,Full Moon,10:21
1140,2013 Jan 05,Last Quarter,03:58
1141,2013 Jan 11,New Moon,19:44
1142,2013 Jan 18,First Quarter,23:45
1143,2013 Jan 27,Full Moon,04:38
1144,2013 Feb 03,Last Quarter,13:56
1145,2013 Feb 10,New Moon,07:20
1146,2013 Feb 17,First Quarter,20:31
1147,2013 Feb 25,Full Moon,20:26
1148,2013 Mar 04,Last Quarter,21:53
1149,2013 Mar 11,New Moon,19:51
1150,2013 Mar 19,First Quarter,17:27
1151,2013 Mar 27,Full Moon,09:27
1152,2013 Apr 03,Last Quarter,04:37
1153,2013 Apr 10,New Moon,09:35
1154,2013 Apr 18,First Quarter,12:31
1155,2013 Apr 25,Full Moon,19:57
1156,2013 May 02,Last Quarter,11:14
1157,2013 May 10,New Moon,00:28
1158,2013 May 18,First Quarter,04:34
1159,2013 May 25,Full Moon,04:25
1160,2013 May 31,Last Quarter,18:58
1161,2013 Jun 08,New Moon,15:56
1162,2013 Jun 16,First Quarter,17:24
1163,2013 Jun 23,Full Moon,11:32
1164,2013 Jun 30,Last Quarter,04:53
1165,2013 Jul 08,New Moon,07:14
1166,2013 Jul 16,First Quarter,03:18
1167,2013 Jul 22,Full Moon,18:15
1168,2013 Jul 29,Last Quarter,17:43
1169,2013 Aug 06,New Moon,21:51
1170,2013 Aug 14,First Quarter,10:56
1171,2013 Aug 21,Full Moon,01:45
1172,2013 Aug 28,Last Quarter,09:35
1173,2013 Sep 05,New Moon,11:36
1174,2013 Sep 12,First Quarter,17:08
1175,2013 Sep 19,Full Moon,11:13
1176,2013 Sep 27,Last Quarter,03:55
1177,2013 Oct 05,New Moon,00:34
1178,2013 Oct 11,First Quarter,23:02
1179,2013 Oct 18,Full Moon,23:38
1180,2013 Oct 26,Last Quarter,23:40
1181,2013 Nov 03,New Moon,12:50
1182,2013 Nov 10,First Quarter,05:57
1183,2013 Nov 17,Full Moon,15:16
1184,2013 Nov 25,Last Quarter,19:28
1185,2013 Dec 03,New Moon,00:22
1186,2013 Dec 09,First Quarter,15:12
1187,2013 Dec 17,Full Moon,09:28
1188,2013 Dec 25,Last Quarter,13:48
1189,2014 Jan 01,New Moon,11:14
1190,2014 Jan 08,First Quarter,03:39
1191,2014 Jan 16,Full Moon,04:52
1192,2014 Jan 24,Last Quarter,05:19
1193,2014 Jan 30,New Moon,21:38
1194,2014 Feb 06,First Quarter,19:22
1195,2014 Feb 14,Full Moon,23:53
1196,2014 Feb 22,Last Quarter,17:15
1197,2014 Mar 01,New Moon,08:00
1198,2014 Mar 08,First Quarter,13:27
1199,2014 Mar 16,Full Moon,17:08
1200,2014 Mar 24,Last Quarter,01:46
1201,2014 Mar 30,New Moon,18:45
1202,2014 Apr 07,First Quarter,08:31
1203,2014 Apr 15,Full Moon,07:42
1204,2014 Apr 22,Last Quarter,07:52
1205,2014 Apr 29,New Moon,06:14
1206,2014 May 07,First Quarter,03:15
1207,2014 May 14,Full Moon,19:16
1208,2014 May 21,Last Quarter,12:59
1209,2014 May 28,New Moon,18:40
1210,2014 Jun 05,First Quarter,20:39
1211,2014 Jun 13,Full Moon,04:11
1212,2014 Jun 19,Last Quarter,18:39
1213,2014 Jun 27,New Moon,08:08
1214,2014 Jul 05,First Quarter,11:59
1215,2014 Jul 12,Full Moon,11:25
1216,2014 Jul 19,Last Quarter,02:08
1217,2014 Jul 26,New Moon,22:42
1218,2014 Aug 04,First Quarter,00:50
1219,2014 Aug 10,Full Moon,18:09
1220,2014 Aug 17,Last Quarter,12:26
1221,2014 Aug 25,New Moon,14:13
1222,2014 Sep 02,First Quarter,11:11
1223,2014 Sep 09,Full Moon,01:38
1224,2014 Sep 16,Last Quarter,02:05
1225,2014 Sep 24,New Moon,06:14
1226,2014 Oct 01,First Quarter,19:33
1227,2014 Oct 08,Full Moon,10:51
1228,2014 Oct 15,Last Quarter,19:12
1229,2014 Oct 23,New Moon,21:57
1230,2014 Oct 31,First Quarter,02:48
1231,2014 Nov 06,Full Moon,22:23
1232,2014 Nov 14,Last Quarter,15:15
1233,2014 Nov 22,New Moon,12:32
1234,2014 Nov 29,First Quarter,10:06
1235,2014 Dec 06,Full Moon,12:27
1236,2014 Dec 14,Last Quarter,12:51
1237,2014 Dec 22,New Moon,01:36
1238,2014 Dec 28,First Quarter,18:31
1239,2015 Jan 05,Full Moon,04:53
1240,2015 Jan 13,Last Quarter,09:46
1241,2015 Jan 20,New Moon,13:14
1242,2015 Jan 27,First Quarter,04:48
1243,2015 Feb 03,Full Moon,23:09
1244,2015 Feb 12,Last Quarter,03:50
1245,2015 Feb 18,New Moon,23:47
1246,2015 Feb 25,First Quarter,17:14
1247,2015 Mar 05,Full Moon,18:05
1248,2015 Mar 13,Last Quarter,17:48
1249,2015 Mar 20,New Moon,09:36
1250,2015 Mar 27,First Quarter,07:43
1251,2015 Apr 04,Full Moon,12:05
1252,2015 Apr 12,Last Quarter,03:44
1253,2015 Apr 18,New Moon,18:57
1254,2015 Apr 25,First Quarter,23:55
1255,2015 May 04,Full Moon,03:42
1256,2015 May 11,Last Quarter,10:36
1257,2015 May 18,New Moon,04:13
1258,2015 May 25,First Quarter,17:19
1259,2015 Jun 02,Full Moon,16:19
1260,2015 Jun 09,Last Quarter,15:42
1261,2015 Jun 16,New Moon,14:05
1262,2015 Jun 24,First Quarter,11:02
1263,2015 Jul 02,Full Moon,02:20
1264,2015 Jul 08,Last Quarter,20:24
1265,2015 Jul 16,New Moon,01:24
1266,2015 Jul 24,First Quarter,04:04
1267,2015 Jul 31,Full Moon,10:43
1268,2015 Aug 07,Last Quarter,02:03
1269,2015 Aug 14,New Moon,14:53
1270,2015 Aug 22,First Quarter,19:31
1271,2015 Aug 29,Full Moon,18:35
1272,2015 Sep 05,Last Quarter,09:54
1273,2015 Sep 13,New Moon,06:41
1274,2015 Sep 21,First Quarter,08:59
1275,2015 Sep 28,Full Moon,02:50
1276,2015 Oct 04,Last Quarter,21:06
1277,2015 Oct 13,New Moon,00:06
1278,2015 Oct 20,First Quarter,20:31
1279,2015 Oct 27,Full Moon,12:05
1280,2015 Nov 03,Last Quarter,12:24
1281,2015 Nov 11,New Moon,17:47
1282,2015 Nov 19,First Quarter,06:27
1283,2015 Nov 25,Full Moon,22:44
1284,2015 Dec 03,Last Quarter,07:40
1285,2015 Dec 11,New Moon,10:29
1286,2015 Dec 18,First Quarter,15:14
1287,2015 Dec 25,Full Moon,11:11
1288,2016 Jan 02,Last Quarter,05:30
1289,2016 Jan 10,New Moon,01:30
1290,2016 Jan 16,First Quarter,23:26
1291,2016 Jan 24,Full Moon,01:46
1292,2016 Feb 01,Last Quarter,03:28
1293,2016 Feb 08,New Moon,14:39
1294,2016 Feb 15,First Quarter,07:46
1295,2016 Feb 22,Full Moon,18:20
1296,2016 Mar 01,Last Quarter,23:11
1297,2016 Mar 09,New Moon,01:54
1298,2016 Mar 15,First Quarter,17:03
1299,2016 Mar 23,Full Moon,12:01
1300,2016 Mar 31,Last Quarter,15:17
1301,2016 Apr 07,New Moon,11:24
1302,2016 Apr 14,First Quarter,03:59
1303,2016 Apr 22,Full Moon,05:24
1304,2016 Apr 30,Last Quarter,03:29
1305,2016 May 06,New Moon,19:29
1306,2016 May 13,First Quarter,17:02
1307,2016 May 21,Full Moon,21:14
1308,2016 May 29,Last Quarter,12:12
1309,2016 Jun 05,New Moon,03:00
1310,2016 Jun 12,First Quarter,08:10
1311,2016 Jun 20,Full Moon,11:02
1312,2016 Jun 27,Last Quarter,18:19
1313,2016 Jul 04,New Moon,11:01
1314,2016 Jul 12,First Quarter,00:52
1315,2016 Jul 19,Full Moon,22:56
1316,2016 Jul 26,Last Quarter,23:00
1317,2016 Aug 02,New Moon,20:44
1318,2016 Aug 10,First Quarter,18:21
1319,2016 Aug 18,Full Moon,09:26
1320,2016 Aug 25,Last Quarter,03:41
1321,2016 Sep 01,New Moon,09:03
1322,2016 Sep 09,First Quarter,11:49
1323,2016 Sep 16,Full Moon,19:05
1324,2016 Sep 23,Last Quarter,09:56
1325,2016 Oct 01,New Moon,00:11
1326,2016 Oct 09,First Quarter,04:33
1327,2016 Oct 16,Full Moon,04:23
1328,2016 Oct 22,Last Quarter,19:14
1329,2016 Oct 30,New Moon,17:38
1330,2016 Nov 07,First Quarter,19:51
1331,2016 Nov 14,Full Moon,13:52
1332,2016 Nov 21,Last Quarter,08:33
1333,2016 Nov 29,New Moon,12:18
1334,2016 Dec 07,First Quarter,09:03
1335,2016 Dec 14,Full Moon,00:05
1336,2016 Dec 21,Last Quarter,01:56
1337,2016 Dec 29,New Moon,06:53
1338,2017 Jan 05,First Quarter,19:47
1339,2017 Jan 12,Full Moon,11:34
1340,2017 Jan 19,Last Quarter,22:13
1341,2017 Jan 28,New Moon,00:07
1342,2017 Feb 04,First Quarter,04:19
1343,2017 Feb 11,Full Moon,00:33
1344,2017 Feb 18,Last Quarter,19:33
1345,2017 Feb 26,New Moon,14:58
1346,2017 Mar 05,First Quarter,11:32
1347,2017 Mar 12,Full Moon,14:54
1348,2017 Mar 20,Last Quarter,15:58
1349,2017 Mar 28,New Moon,02:57
1350,2017 Apr 03,First Quarter,18:39
1351,2017 Apr 11,Full Moon,06:08
1352,2017 Apr 19,Last Quarter,09:57
1353,2017 Apr 26,New Moon,12:16
1354,2017 May 03,First Quarter,02:47
1355,2017 May 10,Full Moon,21:42
1356,2017 May 19,Last Quarter,00:33
1357,2017 May 25,New Moon,19:44
1358,2017 Jun 01,First Quarter,12:42
1359,2017 Jun 09,Full Moon,13:10
1360,2017 Jun 17,Last Quarter,11:33
1361,2017 Jun 24,New Moon,02:31
1362,2017 Jul 01,First Quarter,00:51
1363,2017 Jul 09,Full Moon,04:07
1364,2017 Jul 16,Last Quarter,19:26
1365,2017 Jul 23,New Moon,09:46
1366,2017 Jul 30,First Quarter,15:23
1367,2017 Aug 07,Full Moon,18:11
1368,2017 Aug 15,Last Quarter,01:15
1369,2017 Aug 21,New Moon,18:30
1370,2017 Aug 29,First Quarter,08:13
1371,2017 Sep 06,Full Moon,07:03
1372,2017 Sep 13,Last Quarter,06:25
1373,2017 Sep 20,New Moon,05:30
1374,2017 Sep 28,First Quarter,02:53
1375,2017 Oct 05,Full Moon,18:40
1376,2017 Oct 12,Last Quarter,12:25
1377,2017 Oct 19,New Moon,19:12
1378,2017 Oct 27,First Quarter,22:22
1379,2017 Nov 04,Full Moon,05:23
1380,2017 Nov 10,Last Quarter,20:36
1381,2017 Nov 18,New Moon,11:42
1382,2017 Nov 26,First Quarter,17:03
1383,2017 Dec 03,Full Moon,15:47
1384,2017 Dec 10,Last Quarter,07:51
1385,2017 Dec 18,New Moon,06:30
1386,2017 Dec 26,First Quarter,09:20
1387,2018 Jan 02,Full Moon,02:24
1388,2018 Jan 08,Last Quarter,22:25
1389,2018 Jan 17,New Moon,02:17
1390,2018 Jan 24,First Quarter,22:20
1391,2018 Jan 31,Full Moon,13:27
1392,2018 Feb 07,Last Quarter,15:54
1393,2018 Feb 15,New Moon,21:05
1394,2018 Feb 23,First Quarter,08:09
1395,2018 Mar 02,Full Moon,00:51
1396,2018 Mar 09,Last Quarter,11:20
1397,2018 Mar 17,New Moon,13:12
1398,2018 Mar 24,First Quarter,15:35
1399,2018 Mar 31,Full Moon,12:37
1400,2018 Apr 08,Last Quarter,07:17
1401,2018 Apr 16,New Moon,01:57
1402,2018 Apr 22,First Quarter,21:46
1403,2018 Apr 30,Full Moon,00:58
1404,2018 May 08,Last Quarter,02:09
1405,2018 May 15,New Moon,11:48
1406,2018 May 22,First Quarter,03:49
1407,2018 May 29,Full Moon,14:19
1408,2018 Jun 06,Last Quarter,18:32
1409,2018 Jun 13,New Moon,19:43
1410,2018 Jun 20,First Quarter,10:51
1411,2018 Jun 28,Full Moon,04:53
1412,2018 Jul 06,Last Quarter,07:51
1413,2018 Jul 13,New Moon,02:48
1414,2018 Jul 19,First Quarter,19:52
1415,2018 Jul 27,Full Moon,20:20
1416,2018 Aug 04,Last Quarter,18:18
1417,2018 Aug 11,New Moon,09:58
1418,2018 Aug 18,First Quarter,07:48
1419,2018 Aug 26,Full Moon,11:56
1420,2018 Sep 03,Last Quarter,02:37
1421,2018 Sep 09,New Moon,18:01
1422,2018 Sep 16,First Quarter,23:15
1423,2018 Sep 25,Full Moon,02:52
1424,2018 Oct 02,Last Quarter,09:45
1425,2018 Oct 09,New Moon,03:47
1426,2018 Oct 16,First Quarter,18:02
1427,2018 Oct 24,Full Moon,16:45
1428,2018 Oct 31,Last Quarter,16:40
1429,2018 Nov 07,New Moon,16:02
1430,2018 Nov 15,First Quarter,14:54
1431,2018 Nov 23,Full Moon,05:39
1432,2018 Nov 30,Last Quarter,00:19
1433,2018 Dec 07,New Moon,07:20
1434,2018 Dec 15,First Quarter,11:49
1435,2018 Dec 22,Full Moon,17:49
1436,2018 Dec 29,Last Quarter,09:34
1437,2012 Jan 01,First Quarter,06:15
1438,2012 Jan 09,Full Moon,07:30
1439,2012 Jan 16,Last Quarter,09:08
1440,2012 Jan 23,New Moon,07:39
1441,2012 Jan 31,First Quarter,04:10
1442,2012 Feb 07,Full Moon,21:54
1443,2012 Feb 14,Last Quarter,17:04
1444,2012 Feb 21,New Moon,22:35
1445,2012 Mar 01,First Quarter,01:21
1446,2012 Mar 08,Full Moon,09:39
1447,2012 Mar 15,Last Quarter,01:25
1448,2012 Mar 22,New Moon,14:37
1449,2012 Mar 30,First Quarter,19:41
1450,2012 Apr 06,Full Moon,19:19
1451,2012 Apr 13,Last Quarter,10:50
1452,2012 Apr 21,New Moon,07:18
1453,2012 Apr 29,First Quarter,09:57
1454,2012 May 06,Full Moon,03:35
1455,2012 May 12,Last Quarter,21:47
1456,2012 May 20,New Moon,23:47
1457,2012 May 28,First Quarter,20:16
1458,2012 Jun 04,Full Moon,11:12
1459,2012 Jun 11,Last Quarter,10:41
1460,2012 Jun 19,New Moon,15:02
1461,2012 Jun 27,First Quarter,03:30
1462,2012 Jul 03,Full Moon,18:52
1463,2012 Jul 11,Last Quarter,01:48
1464,2012 Jul 19,New Moon,04:24
1465,2012 Jul 26,First Quarter,08:56
1466,2012 Aug 02,Full Moon,03:27
1467,2012 Aug 09,Last Quarter,18:55
1468,2012 Aug 17,New Moon,15:54
1469,2012 Aug 24,First Quarter,13:54
1470,2012 Aug 31,Full Moon,13:58
1471,2012 Sep 08,Last Quarter,13:15
1472,2012 Sep 16,New Moon,02:11
1473,2012 Sep 22,First Quarter,19:41
1474,2012 Sep 30,Full Moon,03:19
1475,2012 Oct 08,Last Quarter,07:33
1476,2012 Oct 15,New Moon,12:02
1477,2012 Oct 22,First Quarter,03:32
1478,2012 Oct 29,Full Moon,19:49
1479,2012 Nov 07,Last Quarter,00:36
1480,2012 Nov 13,New Moon,22:08
1481,2012 Nov 20,First Quarter,14:31
1482,2012 Nov 28,Full Moon,14:46
1483,2012 Dec 06,Last Quarter,15:31
1484,2012 Dec 13,New Moon,08:42
1485,2012 Dec 20,First Quarter,05:19
1486,2012 Dec 28,Full Moon,10:21
1487,2013 Jan 05,Last Quarter,03:58
1488,2013 Jan 11,New Moon,19:44
1489,2013 Jan 18,First Quarter,23:45
1490,2013 Jan 27,Full Moon,04:38
1491,2013 Feb 03,Last Quarter,13:56
1492,2013 Feb 10,New Moon,07:20
1493,2013 Feb 17,First Quarter,20:31
1494,2013 Feb 25,Full Moon,20:26
1495,2013 Mar 04,Last Quarter,21:53
1496,2013 Mar 11,New Moon,19:51
1497,2013 Mar 19,First Quarter,17:27
1498,2013 Mar 27,Full Moon,09:27
1499,2013 Apr 03,Last Quarter,04:37
1500,2013 Apr 10,New Moon,09:35
1501,2013 Apr 18,First Quarter,12:31
1502,2013 Apr 25,Full Moon,19:57
1503,2013 May 02,Last Quarter,11:14
1504,2013 May 10,New Moon,00:28
1505,2013 May 18,First Quarter,04:34
1506,2013 May 25,Full Moon,04:25
1507,2013 May 31,Last Quarter,18:58
1508,2013 Jun 08,New Moon,15:56
1509,2013 Jun 16,First Quarter,17:24
1510,2013 Jun 23,Full Moon,11:32
1511,2013 Jun 30,Last Quarter,04:53
1512,2013 Jul 08,New Moon,07:14
1513,2013 Jul 16,First Quarter,03:18
1514,2013 Jul 22,Full Moon,18:15
1515,2013 Jul 29,Last Quarter,17:43
1516,2013 Aug 06,New Moon,21:51
1517,2013 Aug 14,First Quarter,10:56
1518,2013 Aug 21,Full Moon,01:45
1519,2013 Aug 28,Last Quarter,09:35
1520,2013 Sep 05,New Moon,11:36
1521,2013 Sep 12,First Quarter,17:08
1522,2013 Sep 19,Full Moon,11:13
1523,2013 Sep 27,Last Quarter,03:55
1524,2013 Oct 05,New Moon,00:34
1525,2013 Oct 11,First Quarter,23:02
1526,2013 Oct 18,Full Moon,23:38
1527,2013 Oct 26,Last Quarter,23:40
1528,2013 Nov 03,New Moon,12:50
1529,2013 Nov 10,First Quarter,05:57
1530,2013 Nov 17,Full Moon,15:16
1531,2013 Nov 25,Last Quarter,19:28
1532,2013 Dec 03,New Moon,00:22
1533,2013 Dec 09,First Quarter,15:12
1534,2013 Dec 17,Full Moon,09:28
1535,2013 Dec 25,Last Quarter,13:48
1536,2014 Jan 01,New Moon,11:14
1537,2014 Jan 08,First Quarter,03:39
1538,2014 Jan 16,Full Moon,04:52
1539,2014 Jan 24,Last Quarter,05:19
1540,2014 Jan 30,New Moon,21:38
1541,2014 Feb 06,First Quarter,19:22
1542,2014 Feb 14,Full Moon,23:53
1543,2014 Feb 22,Last Quarter,17:15
1544,2014 Mar 01,New Moon,08:00
1545,2014 Mar 08,First Quarter,13:27
1546,2014 Mar 16,Full Moon,17:08
1547,2014 Mar 24,Last Quarter,01:46
1548,2014 Mar 30,New Moon,18:45
1549,2014 Apr 07,First Quarter,08:31
1550,2014 Apr 15,Full Moon,07:42
1551,2014 Apr 22,Last Quarter,07:52
1552,2014 Apr 29,New Moon,06:14
1553,2014 May 07,First Quarter,03:15
1554,2014 May 14,Full Moon,19:16
1555,2014 May 21,Last Quarter,12:59
1556,2014 May 28,New Moon,18:40
1557,2014 Jun 05,First Quarter,20:39
1558,2014 Jun 13,Full Moon,04:11
1559,2014 Jun 19,Last Quarter,18:39
1560,2014 Jun 27,New Moon,08:08
1561,2014 Jul 05,First Quarter,11:59
1562,2014 Jul 12,Full Moon,11:25
1563,2014 Jul 19,Last Quarter,02:08
1564,2014 Jul 26,New Moon,22:42
1565,2014 Aug 04,First Quarter,00:50
1566,2014 Aug 10,Full Moon,18:09
1567,2014 Aug 17,Last Quarter,12:26
1568,2014 Aug 25,New Moon,14:13
1569,2014 Sep 02,First Quarter,11:11
1570,2014 Sep 09,Full Moon,01:38
1571,2014 Sep 16,Last Quarter,02:05
1572,2014 Sep 24,New Moon,06:14
1573,2014 Oct 01,First Quarter,19:33
1574,2014 Oct 08,Full Moon,10:51
1575,2014 Oct 15,Last Quarter,19:12
1576,2014 Oct 23,New Moon,21:57
1577,2014 Oct 31,First Quarter,02:48
1578,2014 Nov 06,Full Moon,22:23
1579,2014 Nov 14,Last Quarter,15:15
1580,2014 Nov 22,New Moon,12:32
1581,2014 Nov 29,First Quarter,10:06
1582,2014 Dec 06,Full Moon,12:27
1583,2014 Dec 14,Last Quarter,12:51
1584,2014 Dec 22,New Moon,01:36
1585,2014 Dec 28,First Quarter,18:31
1586,2015 Jan 05,Full Moon,04:53
1587,2015 Jan 13,Last Quarter,09:46
1588,2015 Jan 20,New Moon,13:14
1589,2015 Jan 27,First Quarter,04:48
1590,2015 Feb 03,Full Moon,23:09
1591,2015 Feb 12,Last Quarter,03:50
1592,2015 Feb 18,New Moon,23:47
1593,2015 Feb 25,First Quarter,17:14
1594,2015 Mar 05,Full Moon,18:05
1595,2015 Mar 13,Last Quarter,17:48
1596,2015 Mar 20,New Moon,09:36
1597,2015 Mar 27,First Quarter,07:43
1598,2015 Apr 04,Full Moon,12:05
1599,2015 Apr 12,Last Quarter,03:44
1600,2015 Apr 18,New Moon,18:57
1601,2015 Apr 25,First Quarter,23:55
1602,2015 May 04,Full Moon,03:42
1603,2015 May 11,Last Quarter,10:36
1604,2015 May 18,New Moon,04:13
1605,2015 May 25,First Quarter,17:19
1606,2015 Jun 02,Full Moon,16:19
1607,2015 Jun 09,Last Quarter,15:42
1608,2015 Jun 16,New Moon,14:05
1609,2015 Jun 24,First Quarter,11:02
1610,2015 Jul 02,Full Moon,02:20
1611,2015 Jul 08,Last Quarter,20:24
1612,2015 Jul 16,New Moon,01:24
1613,2015 Jul 24,First Quarter,04:04
1614,2015 Jul 31,Full Moon,10:43
1615,2015 Aug 07,Last Quarter,02:03
1616,2015 Aug 14,New Moon,14:53
1617,2015 Aug 22,First Quarter,19:31
1618,2015 Aug 29,Full Moon,18:35
1619,2015 Sep 05,Last Quarter,09:54
1620,2015 Sep 13,New Moon,06:41
1621,2015 Sep 21,First Quarter,08:59
1622,2015 Sep 28,Full Moon,02:50
1623,2015 Oct 04,Last Quarter,21:06
1624,2015 Oct 13,New Moon,00:06
1625,2015 Oct 20,First Quarter,20:31
1626,2015 Oct 27,Full Moon,12:05
1627,2015 Nov 03,Last Quarter,12:24
1628,2015 Nov 11,New Moon,17:47
1629,2015 Nov 19,First Quarter,06:27
1630,2015 Nov 25,Full Moon,22:44
1631,2015 Dec 03,Last Quarter,07:40
1632,2015 Dec 11,New Moon,10:29
1633,2015 Dec 18,First Quarter,15:14
1634,2015 Dec 25,Full Moon,11:11
1635,2016 Jan 02,Last Quarter,05:30
1636,2016 Jan 10,New Moon,01:30
1637,2016 Jan 16,First Quarter,23:26
1638,2016 Jan 24,Full Moon,01:46
1639,2016 Feb 01,Last Quarter,03:28
1640,2016 Feb 08,New Moon,14:39
1641,2016 Feb 15,First Quarter,07:46
1642,2016 Feb 22,Full Moon,18:20
1643,2016 Mar 01,Last Quarter,23:11
1644,2016 Mar 09,New Moon,01:54
1645,2016 Mar 15,First Quarter,17:03
1646,2016 Mar 23,Full Moon,12:01
1647,2016 Mar 31,Last Quarter,15:17
1648,2016 Apr 07,New Moon,11:24
1649,2016 Apr 14,First Quarter,03:59
1650,2016 Apr 22,Full Moon,05:24
1651,2016 Apr 30,Last Quarter,03:29
1652,2016 May 06,New Moon,19:29
1653,2016 May 13,First Quarter,17:02
1654,2016 May 21,Full Moon,21:14
1655,2016 May 29,Last Quarter,12:12
1656,2016 Jun 05,New Moon,03:00
1657,2016 Jun 12,First Quarter,08:10
1658,2016 Jun 20,Full Moon,11:02
1659,2016 Jun 27,Last Quarter,18:19
1660,2016 Jul 04,New Moon,11:01
1661,2016 Jul 12,First Quarter,00:52
1662,2016 Jul 19,Full Moon,22:56
1663,2016 Jul 26,Last Quarter,23:00
1664,2016 Aug 02,New Moon,20:44
1665,2016 Aug 10,First Quarter,18:21
1666,2016 Aug 18,Full Moon,09:26
1667,2016 Aug 25,Last Quarter,03:41
1668,2016 Sep 01,New Moon,09:03
1669,2016 Sep 09,First Quarter,11:49
1670,2016 Sep 16,Full Moon,19:05
1671,2016 Sep 23,Last Quarter,09:56
1672,2016 Oct 01,New Moon,00:11
1673,2016 Oct 09,First Quarter,04:33
1674,2016 Oct 16,Full Moon,04:23
1675,2016 Oct 22,Last Quarter,19:14
1676,2016 Oct 30,New Moon,17:38
1677,2016 Nov 07,First Quarter,19:51
1678,2016 Nov 14,Full Moon,13:52
1679,2016 Nov 21,Last Quarter,08:33
1680,2016 Nov 29,New Moon,12:18
1681,2016 Dec 07,First Quarter,09:03
1682,2016 Dec 14,Full Moon,00:05
1683,2016 Dec 21,Last Quarter,01:56
1684,2016 Dec 29,New Moon,06:53
1685,2017 Jan 05,First Quarter,19:47
1686,2017 Jan 12,Full Moon,11:34
1687,2017 Jan 19,Last Quarter,22:13
1688,2017 Jan 28,New Moon,00:07
1689,2017 Feb 04,First Quarter,04:19
1690,2017 Feb 11,Full Moon,00:33
1691,2017 Feb 18,Last Quarter,19:33
1692,2017 Feb 26,New Moon,14:58
1693,2017 Mar 05,First Quarter,11:32
1694,2017 Mar 12,Full Moon,14:54
1695,2017 Mar 20,Last Quarter,15:58
1696,2017 Mar 28,New Moon,02:57
1697,2017 Apr 03,First Quarter,18:39
1698,2017 Apr 11,Full Moon,06:08
1699,2017 Apr 19,Last Quarter,09:57
1700,2017 Apr 26,New Moon,12:16
1701,2017 May 03,First Quarter,02:47
1702,2017 May 10,Full Moon,21:42
1703,2017 May 19,Last Quarter,00:33
1704,2017 May 25,New Moon,19:44
1705,2017 Jun 01,First Quarter,12:42
1706,2017 Jun 09,Full Moon,13:10
1707,2017 Jun 17,Last Quarter,11:33
1708,2017 Jun 24,New Moon,02:31
1709,2017 Jul 01,First Quarter,00:51
1710,2017 Jul 09,Full Moon,04:07
1711,2017 Jul 16,Last Quarter,19:26
1712,2017 Jul 23,New Moon,09:46
1713,2017 Jul 30,First Quarter,15:23
1714,2017 Aug 07,Full Moon,18:11
1715,2017 Aug 15,Last Quarter,01:15
1716,2017 Aug 21,New Moon,18:30
1717,2017 Aug 29,First Quarter,08:13
1718,2017 Sep 06,Full Moon,07:03
1719,2017 Sep 13,Last Quarter,06:25
1720,2017 Sep 20,New Moon,05:30
1721,2017 Sep 28,First Quarter,02:53
1722,2017 Oct 05,Full Moon,18:40
1723,2017 Oct 12,Last Quarter,12:25
1724,2017 Oct 19,New Moon,19:12
1725,2017 Oct 27,First Quarter,22:22
1726,2017 Nov 04,Full Moon,05:23
1727,2017 Nov 10,Last Quarter,20:36
1728,2017 Nov 18,New Moon,11:42
1729,2017 Nov 26,First Quarter,17:03
1730,2017 Dec 03,Full Moon,15:47
1731,2017 Dec 10,Last Quarter,07:51
1732,2017 Dec 18,New Moon,06:30
1733,2017 Dec 26,First Quarter,09:20
1734,2018 Jan 02,Full Moon,02:24
1735,2018 Jan 08,Last Quarter,22:25
1736,2018 Jan 17,New Moon,02:17
1737,2018 Jan 24,First Quarter,22:20
1738,2018 Jan 31,Full Moon,13:27
1739,2018 Feb 07,Last Quarter,15:54
1740,2018 Feb 15,New Moon,21:05
1741,2018 Feb 23,First Quarter,08:09
1742,2018 Mar 02,Full Moon,00:51
1743,2018 Mar 09,Last Quarter,11:20
1744,2018 Mar 17,New Moon,13:12
1745,2018 Mar 24,First Quarter,15:35
1746,2018 Mar 31,Full Moon,12:37
1747,2018 Apr 08,Last Quarter,07:17
1748,2018 Apr 16,New Moon,01:57
1749,2018 Apr 22,First Quarter,21:46
1750,2018 Apr 30,Full Moon,00:58
1751,2018 May 08,Last Quarter,02:09
1752,2018 May 15,New Moon,11:48
1753,2018 May 22,First Quarter,03:49
1754,2018 May 29,Full Moon,14:19
1755,2018 Jun 06,Last Quarter,18:32
1756,2018 Jun 13,New Moon,19:43
1757,2018 Jun 20,First Quarter,10:51
1758,2018 Jun 28,Full Moon,04:53
1759,2018 Jul 06,Last Quarter,07:51
1760,2018 Jul 13,New Moon,02:48
1761,2018 Jul 19,First Quarter,19:52
1762,2018 Jul 27,Full Moon,20:20
1763,2018 Aug 04,Last Quarter,18:18
1764,2018 Aug 11,New Moon,09:58
1765,2018 Aug 18,First Quarter,07:48
1766,2018 Aug 26,Full Moon,11:56
1767,2018 Sep 03,Last Quarter,02:37
1768,2018 Sep 09,New Moon,18:01
1769,2018 Sep 16,First Quarter,23:15
1770,2018 Sep 25,Full Moon,02:52
1771,2018 Oct 02,Last Quarter,09:45
1772,2018 Oct 09,New Moon,03:47
1773,2018 Oct 16,First Quarter,18:02
1774,2018 Oct 24,Full Moon,16:45
1775,2018 Oct 31,Last Quarter,16:40
1776,2018 Nov 07,New Moon,16:02
1777,2018 Nov 15,First Quarter,14:54
1778,2018 Nov 23,Full Moon,05:39
1779,2018 Nov 30,Last Quarter,00:19
1780,2018 Dec 07,New Moon,07:20
1781,2018 Dec 15,First Quarter,11:49
1782,2018 Dec 22,Full Moon,17:49
1783,2018 Dec 29,Last Quarter,09:34
1784,2012 Jan 01,First Quarter,06:15
1785,2012 Jan 09,Full Moon,07:30
1786,2012 Jan 16,Last Quarter,09:08
1787,2012 Jan 23,New Moon,07:39
1788,2012 Jan 31,First Quarter,04:10
1789,2012 Feb 07,Full Moon,21:54
1790,2012 Feb 14,Last Quarter,17:04
1791,2012 Feb 21,New Moon,22:35
1792,2012 Mar 01,First Quarter,01:21
1793,2012 Mar 08,Full Moon,09:39
1794,2012 Mar 15,Last Quarter,01:25
1795,2012 Mar 22,New Moon,14:37
1796,2012 Mar 30,First Quarter,19:41
1797,2012 Apr 06,Full Moon,19:19
1798,2012 Apr 13,Last Quarter,10:50
1799,2012 Apr 21,New Moon,07:18
1800,2012 Apr 29,First Quarter,09:57
1801,2012 May 06,Full Moon,03:35
1802,2012 May 12,Last Quarter,21:47
1803,2012 May 20,New Moon,23:47
1804,2012 May 28,First Quarter,20:16
1805,2012 Jun 04,Full Moon,11:12
1806,2012 Jun 11,Last Quarter,10:41
1807,2012 Jun 19,New Moon,15:02
1808,2012 Jun 27,First Quarter,03:30
1809,2012 Jul 03,Full Moon,18:52
1810,2012 Jul 11,Last Quarter,01:48
1811,2012 Jul 19,New Moon,04:24
1812,2012 Jul 26,First Quarter,08:56
1813,2012 Aug 02,Full Moon,03:27
1814,2012 Aug 09,Last Quarter,18:55
1815,2012 Aug 17,New Moon,15:54
1816,2012 Aug 24,First Quarter,13:54
1817,2012 Aug 31,Full Moon,13:58
1818,2012 Sep 08,Last Quarter,13:15
1819,2012 Sep 16,New Moon,02:11
1820,2012 Sep 22,First Quarter,19:41
1821,2012 Sep 30,Full Moon,03:19
1822,2012 Oct 08,Last Quarter,07:33
1823,2012 Oct 15,New Moon,12:02
1824,2012 Oct 22,First Quarter,03:32
1825,2012 Oct 29,Full Moon,19:49
1826,2012 Nov 07,Last Quarter,00:36
1827,2012 Nov 13,New Moon,22:08
1828,2012 Nov 20,First Quarter,14:31
1829,2012 Nov 28,Full Moon,14:46
1830,2012 Dec 06,Last Quarter,15:31
1831,2012 Dec 13,New Moon,08:42
1832,2012 Dec 20,First Quarter,05:19
1833,2012 Dec 28,Full Moon,10:21
1834,2013 Jan 05,Last Quarter,03:58
1835,2013 Jan 11,New Moon,19:44
1836,2013 Jan 18,First Quarter,23:45
1837,2013 Jan 27,Full Moon,04:38
1838,2013 Feb 03,Last Quarter,13:56
1839,2013 Feb 10,New Moon,07:20
1840,2013 Feb 17,First Quarter,20:31
1841,2013 Feb 25,Full Moon,20:26
1842,2013 Mar 04,Last Quarter,21:53
1843,2013 Mar 11,New Moon,19:51
1844,2013 Mar 19,First Quarter,17:27
1845,2013 Mar 27,Full Moon,09:27
1846,2013 Apr 03,Last Quarter,04:37
1847,2013 Apr 10,New Moon,09:35
1848,2013 Apr 18,First Quarter,12:31
1849,2013 Apr 25,Full Moon,19:57
1850,2013 May 02,Last Quarter,11:14
1851,2013 May 10,New Moon,00:28
1852,2013 May 18,First Quarter,04:34
1853,2013 May 25,Full Moon,04:25
1854,2013 May 31,Last Quarter,18:58
1855,2013 Jun 08,New Moon,15:56
1856,2013 Jun 16,First Quarter,17:24
1857,2013 Jun 23,Full Moon,11:32
1858,2013 Jun 30,Last Quarter,04:53
1859,2013 Jul 08,New Moon,07:14
1860,2013 Jul 16,First Quarter,03:18
1861,2013 Jul 22,Full Moon,18:15
1862,2013 Jul 29,Last Quarter,17:43
1863,2013 Aug 06,New Moon,21:51
1864,2013 Aug 14,First Quarter,10:56
1865,2013 Aug 21,Full Moon,01:45
1866,2013 Aug 28,Last Quarter,09:35
1867,2013 Sep 05,New Moon,11:36
1868,2013 Sep 12,First Quarter,17:08
1869,2013 Sep 19,Full Moon,11:13
1870,2013 Sep 27,Last Quarter,03:55
1871,2013 Oct 05,New Moon,00:34
1872,2013 Oct 11,First Quarter,23:02
1873,2013 Oct 18,Full Moon,23:38
1874,2013 Oct 26,Last Quarter,23:40
1875,2013 Nov 03,New Moon,12:50
1876,2013 Nov 10,First Quarter,05:57
1877,2013 Nov 17,Full Moon,15:16
1878,2013 Nov 25,Last Quarter,19:28
1879,2013 Dec 03,New Moon,00:22
1880,2013 Dec 09,First Quarter,15:12
1881,2013 Dec 17,Full Moon,09:28
1882,2013 Dec 25,Last Quarter,13:48
1883,2014 Jan 01,New Moon,11:14
1884,2014 Jan 08,First Quarter,03:39
1885,2014 Jan 16,Full Moon,04:52
1886,2014 Jan 24,Last Quarter,05:19
1887,2014 Jan 30,New Moon,21:38
1888,2014 Feb 06,First Quarter,19:22
1889,2014 Feb 14,Full Moon,23:53
1890,2014 Feb 22,Last Quarter,17:15
1891,2014 Mar 01,New Moon,08:00
1892,2014 Mar 08,First Quarter,13:27
1893,2014 Mar 16,Full Moon,17:08
1894,2014 Mar 24,Last Quarter,01:46
1895,2014 Mar 30,New Moon,18:45
1896,2014 Apr 07,First Quarter,08:31
1897,2014 Apr 15,Full Moon,07:42
1898,2014 Apr 22,Last Quarter,07:52
1899,2014 Apr 29,New Moon,06:14
1900,2014 May 07,First Quarter,03:15
1901,2014 May 14,Full Moon,19:16
1902,2014 May 21,Last Quarter,12:59
1903,2014 May 28,New Moon,18:40
1904,2014 Jun 05,First Quarter,20:39
1905,2014 Jun 13,Full Moon,04:11
1906,2014 Jun 19,Last Quarter,18:39
1907,2014 Jun 27,New Moon,08:08
1908,2014 Jul 05,First Quarter,11:59
1909,2014 Jul 12,Full Moon,11:25
1910,2014 Jul 19,Last Quarter,02:08
1911,2014 Jul 26,New Moon,22:42
1912,2014 Aug 04,First Quarter,00:50
1913,2014 Aug 10,Full Moon,18:09
1914,2014 Aug 17,Last Quarter,12:26
1915,2014 Aug 25,New Moon,14:13
1916,2014 Sep 02,First Quarter,11:11
1917,2014 Sep 09,Full Moon,01:38
1918,2014 Sep 16,Last Quarter,02:05
1919,2014 Sep 24,New Moon,06:14
1920,2014 Oct 01,First Quarter,19:33
1921,2014 Oct 08,Full Moon,10:51
1922,2014 Oct 15,Last Quarter,19:12
1923,2014 Oct 23,New Moon,21:57
1924,2014 Oct 31,First Quarter,02:48
1925,2014 Nov 06,Full Moon,22:23
1926,2014 Nov 14,Last Quarter,15:15
1927,2014 Nov 22,New Moon,12:32
1928,2014 Nov 29,First Quarter,10:06
1929,2014 Dec 06,Full Moon,12:27
1930,2014 Dec 14,Last Quarter,12:51
1931,2014 Dec 22,New Moon,01:36
1932,2014 Dec 28,First Quarter,18:31
1933,2015 Jan 05,Full Moon,04:53
1934,2015 Jan 13,Last Quarter,09:46
1935,2015 Jan 20,New Moon,13:14
1936,2015 Jan 27,First Quarter,04:48
1937,2015 Feb 03,Full Moon,23:09
1938,2015 Feb 12,Last Quarter,03:50
1939,2015 Feb 18,New Moon,23:47
1940,2015 Feb 25,First Quarter,17:14
1941,2015 Mar 05,Full Moon,18:05
1942,2015 Mar 13,Last Quarter,17:48
1943,2015 Mar 20,New Moon,09:36
1944,2015 Mar 27,First Quarter,07:43
1945,2015 Apr 04,Full Moon,12:05
1946,2015 Apr 12,Last Quarter,03:44
1947,2015 Apr 18,New Moon,18:57
1948,2015 Apr 25,First Quarter,23:55
1949,2015 May 04,Full Moon,03:42
1950,2015 May 11,Last Quarter,10:36
1951,2015 May 18,New Moon,04:13
1952,2015 May 25,First Quarter,17:19
1953,2015 Jun 02,Full Moon,16:19
1954,2015 Jun 09,Last Quarter,15:42
1955,2015 Jun 16,New Moon,14:05
1956,2015 Jun 24,First Quarter,11:02
1957,2015 Jul 02,Full Moon,02:20
1958,2015 Jul 08,Last Quarter,20:24
1959,2015 Jul 16,New Moon,01:24
1960,2015 Jul 24,First Quarter,04:04
1961,2015 Jul 31,Full Moon,10:43
1962,2015 Aug 07,Last Quarter,02:03
1963,2015 Aug 14,New Moon,14:53
1964,2015 Aug 22,First Quarter,19:31
1965,2015 Aug 29,Full Moon,18:35
1966,2015 Sep 05,Last Quarter,09:54
1967,2015 Sep 13,New Moon,06:41
1968,2015 Sep 21,First Quarter,08:59
1969,2015 Sep 28,Full Moon,02:50
1970,2015 Oct 04,Last Quarter,21:06
1971,2015 Oct 13,New Moon,00:06
1972,2015 Oct 20,First Quarter,20:31
1973,2015 Oct 27,Full Moon,12:05
1974,2015 Nov 03,Last Quarter,12:24
1975,2015 Nov 11,New Moon,17:47
1976,2015 Nov 19,First Quarter,06:27
1977,2015 Nov 25,Full Moon,22:44
1978,2015 Dec 03,Last Quarter,07:40
1979,2015 Dec 11,New Moon,10:29
1980,2015 Dec 18,First Quarter,15:14
1981,2015 Dec 25,Full Moon,11:11
1982,2016 Jan 02,Last Quarter,05:30
1983,2016 Jan 10,New Moon,01:30
1984,2016 Jan 16,First Quarter,23:26
1985,2016 Jan 24,Full Moon,01:46
1986,2016 Feb 01,Last Quarter,03:28
1987,2016 Feb 08,New Moon,14:39
1988,2016 Feb 15,First Quarter,07:46
1989,2016 Feb 22,Full Moon,18:20
1990,2016 Mar 01,Last Quarter,23:11
1991,2016 Mar 09,New Moon,01:54
1992,2016 Mar 15,First Quarter,17:03
1993,2016 Mar 23,Full Moon,12:01
1994,2016 Mar 31,Last Quarter,15:17
1995,2016 Apr 07,New Moon,11:24
1996,2016 Apr 14,First Quarter,03:59
1997,2016 Apr 22,Full Moon,05:24
1998,2016 Apr 30,Last Quarter,03:29
1999,2016 May 06,New Moon,19:29
2000,2016 May 13,First Quarter,17:02
2001,2016 May 21,Full Moon,21:14
2002,2016 May 29,Last Quarter,12:12
2003,2016 Jun 05,New Moon,03:00
2004,2016 Jun 12,First Quarter,08:10
2005,2016 Jun 20,Full Moon,11:02
2006,2016 Jun 27,Last Quarter,18:19
2007,2016 Jul 04,New Moon,11:01
2008,2016 Jul 12,First Quarter,00:52
2009,2016 Jul 19,Full Moon,22:56
2010,2016 Jul 26,Last Quarter,23:00
2011,2016 Aug 02,New Moon,20:44
2012,2016 Aug 10,First Quarter,18:21
2013,2016 Aug 18,Full Moon,09:26
2014,2016 Aug 25,Last Quarter,03:41
2015,2016 Sep 01,New Moon,09:03
2016,2016 Sep 09,First Quarter,11:49
2017,2016 Sep 16,Full Moon,19:05
2018,2016 Sep 23,Last Quarter,09:56
2019,2016 Oct 01,New Moon,00:11
2020,2016 Oct 09,First Quarter,04:33
2021,2016 Oct 16,Full Moon,04:23
2022,2016 Oct 22,Last Quarter,19:14
2023,2016 Oct 30,New Moon,17:38
2024,2016 Nov 07,First Quarter,19:51
2025,2016 Nov 14,Full Moon,13:52
2026,2016 Nov 21,Last Quarter,08:33
2027,2016 Nov 29,New Moon,12:18
2028,2016 Dec 07,First Quarter,09:03
2029,2016 Dec 14,Full Moon,00:05
2030,2016 Dec 21,Last Quarter,01:56
2031,2016 Dec 29,New Moon,06:53
2032,2017 Jan 05,First Quarter,19:47
2033,2017 Jan 12,Full Moon,11:34
2034,2017 Jan 19,Last Quarter,22:13
2035,2017 Jan 28,New Moon,00:07
2036,2017 Feb 04,First Quarter,04:19
2037,2017 Feb 11,Full Moon,00:33
2038,2017 Feb 18,Last Quarter,19:33
2039,2017 Feb 26,New Moon,14:58
2040,2017 Mar 05,First Quarter,11:32
2041,2017 Mar 12,Full Moon,14:54
2042,2017 Mar 20,Last Quarter,15:58
2043,2017 Mar 28,New Moon,02:57
2044,2017 Apr 03,First Quarter,18:39
2045,2017 Apr 11,Full Moon,06:08
2046,2017 Apr 19,Last Quarter,09:57
2047,2017 Apr 26,New Moon,12:16
2048,2017 May 03,First Quarter,02:47
2049,2017 May 10,Full Moon,21:42
2050,2017 May 19,Last Quarter,00:33
2051,2017 May 25,New Moon,19:44
2052,2017 Jun 01,First Quarter,12:42
2053,2017 Jun 09,Full Moon,13:10
2054,2017 Jun 17,Last Quarter,11:33
2055,2017 Jun 24,New Moon,02:31
2056,2017 Jul 01,First Quarter,00:51
2057,2017 Jul 09,Full Moon,04:07
2058,2017 Jul 16,Last Quarter,19:26
2059,2017 Jul 23,New Moon,09:46
2060,2017 Jul 30,First Quarter,15:23
2061,2017 Aug 07,Full Moon,18:11
2062,2017 Aug 15,Last Quarter,01:15
2063,2017 Aug 21,New Moon,18:30
2064,2017 Aug 29,First Quarter,08:13
2065,2017 Sep 06,Full Moon,07:03
2066,2017 Sep 13,Last Quarter,06:25
2067,2017 Sep 20,New Moon,05:30
2068,2017 Sep 28,First Quarter,02:53
2069,2017 Oct 05,Full Moon,18:40
2070,2017 Oct 12,Last Quarter,12:25
2071,2017 Oct 19,New Moon,19:12
2072,2017 Oct 27,First Quarter,22:22
2073,2017 Nov 04,Full Moon,05:23
2074,2017 Nov 10,Last Quarter,20:36
2075,2017 Nov 18,New Moon,11:42
2076,2017 Nov 26,First Quarter,17:03
2077,2017 Dec 03,Full Moon,15:47
2078,2017 Dec 10,Last Quarter,07:51
2079,2017 Dec 18,New Moon,06:30
2080,2017 Dec 26,First Quarter,09:20
2081,2018 Jan 02,Full Moon,02:24
2082,2018 Jan 08,Last Quarter,22:25
2083,2018 Jan 17,New Moon,02:17
2084,2018 Jan 24,First Quarter,22:20
2085,2018 Jan 31,Full Moon,13:27
2086,2018 Feb 07,Last Quarter,15:54
2087,2018 Feb 15,New Moon,21:05
2088,2018 Feb 23,First Quarter,08:09
2089,2018 Mar 02,Full Moon,00:51
2090,2018 Mar 09,Last Quarter,11:20
2091,2018 Mar 17,New Moon,13:12
2092,2018 Mar 24,First Quarter,15:35
2093,2018 Mar 31,Full Moon,12:37
2094,2018 Apr 08,Last Quarter,07:17
2095,2018 Apr 16,New Moon,01:57
2096,2018 Apr 22,First Quarter,21:46
2097,2018 Apr 30,Full Moon,00:58
2098,2018 May 08,Last Quarter,02:09
2099,2018 May 15,New Moon,11:48
2100,2018 May 22,First Quarter,03:49
2101,2018 May 29,Full Moon,14:19
2102,2018 Jun 06,Last Quarter,18:32
2103,2018 Jun 13,New Moon,19:43
2104,2018 Jun 20,First Quarter,10:51
2105,2018 Jun 28,Full Moon,04:53
2106,2018 Jul 06,Last Quarter,07:51
2107,2018 Jul 13,New Moon,02:48
2108,2018 Jul 19,First Quarter,19:52
2109,2018 Jul 27,Full Moon,20:20
2110,2018 Aug 04,Last Quarter,18:18
2111,2018 Aug 11,New Moon,09:58
2112,2018 Aug 18,First Quarter,07:48
2113,2018 Aug 26,Full Moon,11:56
2114,2018 Sep 03,Last Quarter,02:37
2115,2018 Sep 09,New Moon,18:01
2116,2018 Sep 16,First Quarter,23:15
2117,2018 Sep 25,Full Moon,02:52
2118,2018 Oct 02,Last Quarter,09:45
2119,2018 Oct 09,New Moon,03:47
2120,2018 Oct 16,First Quarter,18:02
2121,2018 Oct 24,Full Moon,16:45
2122,2018 Oct 31,Last Quarter,16:40
2123,2018 Nov 07,New Moon,16:02
2124,2018 Nov 15,First Quarter,14:54
2125,2018 Nov 23,Full Moon,05:39
2126,2018 Nov 30,Last Quarter,00:19
2127,2018 Dec 07,New Moon,07:20
2128,2018 Dec 15,First Quarter,11:49
2129,2018 Dec 22,Full Moon,17:49
2130,2018 Dec 29,Last Quarter,09:34
2131,2019 Jan 06,New Moon,01:28
2132,2019 Jan 14,First Quarter,06:45
2133,2019 Jan 21,Full Moon,05:16
2134,2019 Jan 27,Last Quarter,21:10
2135,2019 Feb 04,New Moon,21:04
2136,2019 Feb 12,First Quarter,22:26
2137,2019 Feb 19,Full Moon,15:53
2138,2019 Feb 26,Last Quarter,11:28
2139,2019 Mar 06,New Moon,16:04
2140,2019 Mar 14,First Quarter,10:27
2141,2019 Mar 21,Full Moon,01:43
2142,2019 Mar 28,Last Quarter,04:10
2143,2019 Apr 05,New Moon,08:50
2144,2019 Apr 12,First Quarter,19:06
2145,2019 Apr 19,Full Moon,11:12
2146,2019 Apr 26,Last Quarter,22:18
2147,2019 May 04,New Moon,22:45
2148,2019 May 12,First Quarter,01:12
2149,2019 May 18,Full Moon,21:11
2150,2019 May 26,Last Quarter,16:34
2151,2019 Jun 03,New Moon,10:02
2152,2019 Jun 10,First Quarter,05:59
2153,2019 Jun 17,Full Moon,08:31
2154,2019 Jun 25,Last Quarter,09:46
2155,2019 Jul 02,New Moon,19:16
2156,2019 Jul 09,First Quarter,10:55
2157,2019 Jul 16,Full Moon,21:38
2158,2019 Jul 25,Last Quarter,01:18
2159,2019 Aug 01,New Moon,03:12
2160,2019 Aug 07,First Quarter,17:31
2161,2019 Aug 15,Full Moon,12:29
2162,2019 Aug 23,Last Quarter,14:56
2163,2019 Aug 30,New Moon,10:37
2164,2019 Sep 06,First Quarter,03:10
2165,2019 Sep 14,Full Moon,04:33
2166,2019 Sep 22,Last Quarter,02:41
2167,2019 Sep 28,New Moon,18:26
2168,2019 Oct 05,First Quarter,16:47
2169,2019 Oct 13,Full Moon,21:08
2170,2019 Oct 21,Last Quarter,12:39
2171,2019 Oct 28,New Moon,03:38
2172,2019 Nov 04,First Quarter,10:23
2173,2019 Nov 12,Full Moon,13:34
2174,2019 Nov 19,Last Quarter,21:11
2175,2019 Nov 26,New Moon,15:06
2176,2019 Dec 04,First Quarter,06:58
2177,2019 Dec 12,Full Moon,05:12
2178,2019 Dec 19,Last Quarter,04:57
2179,2019 Dec 26,New Moon,05:13
